Testbed,Hazard,Model_Type,Model_Name,(Intercept),ART_ACC_R1,ART_ACC_R2,ART_ACC_R3,ART_ACC_R4,ART_ACC_R5,ART_ACC_R6,ART_ACC_R7,COMMER_R1,COMMER_R2,COMMER_R3,COMMER_R4,COMMER_R5,COMMER_R6,COMMER_R7,CONS_R1,CONS_R2,CONS_R3,CONS_R4,CONS_R5,CONS_R6,CONS_R7,EDU_R1,EDU_R2,EDU_R3,EDU_R4,EDU_R5,EDU_R6,EDU_R7,HS1_R1,HS1_R2,HS1_R3,HS1_R4,HS1_R5,HS1_R6,HS1_R7,HS2_R1,HS2_R2,HS2_R3,HS2_R4,HS2_R5,HS2_R6,HS2_R7,HEALTH_R1,HEALTH_R2,HEALTH_R3,HEALTH_R4,HEALTH_R5,HEALTH_R6,HEALTH_R7,MANU_R1,MANU_R2,MANU_R3,MANU_R4,MANU_R5,MANU_R6,MANU_R7,RELIG_R1,RELIG_R2,RELIG_R3,RELIG_R4,RELIG_R5,RELIG_R6,RELIG_R7,UTIL_R1,UTIL_R2,UTIL_R3,UTIL_R4,UTIL_R5,UTIL_R6,UTIL_R7,AG_MI_R1,AG_MI_R2,AG_MI_R6,AG_MI_R7
SLC,earthquake,main_model,totDDS,94.7047615674173,-0.287883918408431,-0.287552740299594,-0.265603552951034,-0.270426296903925,-0.251441335779809,-0.161053875597043,0.0,-0.279906684122777,-0.278294826893055,-0.248057808193457,-0.252279283315536,-0.244050850277802,-0.239123537120185,-0.257225308573057,-0.840216991311522,-0.163923515573549,-0.273974115602849,0.0,0.0,0.0,0.0,0.0,-0.234141415424839,-0.035411427538892,-0.211278137592845,0.0,-0.0554529692830807,0.0,-0.426973108141082,-0.411642214470317,-0.36564602921107,-0.353496706024138,-0.295690617302096,-0.378819835272695,-0.549150075267567,-0.416412237335229,-0.413258820407578,-0.360576429034327,-0.348094506044403,-0.290410250108047,-0.380819188459347,-0.530257770619855,-0.353947494806686,-0.27511045332759,-0.225903999886922,-0.227821749555162,-0.238088480897042,-0.212711777025434,-0.218107181875932,-0.294327783463299,-1.5279495457582,-0.233125310646363,0.0,-0.244884125479214,-0.124930092049231,-0.77222376152391,-0.176233369973929,-0.18408582010479,-0.157656743338269,-0.162229151478494,-0.153482019048179,0.132397126645898,-0.0819930551595193,-0.338757640235611,-0.32771018780876,-0.309468516114291,-0.169771849221317,-0.21346047419723,-0.329639309456361,0.0,0.0,0.0,0.0,0.0
SLC,earthquake,sectorRegion_model,DDS_ ART_ACC_R1,0.628657105312516,-0.248652006868071,0.0,0.0,0.0,0.0,0.0,-0.0028497068529578,-0.0003076180981205,-9.14155281333016e-06,-2.05766319659795e-05,0.0,0.0,0.0,0.0,0.0,0.0,0.0,0.0006956860963851,0.0,0.0,0.0,0.0,0.0,0.0,0.0,0.0,0.0,-0.0035680374082481,-0.0010010539988471,-0.0001572769451488,-0.0001628204889186,-0.0001179136137465,-6.76191815564304e-05,-0.0001076108728057,-0.0001763678953369,-0.000482062128356,-0.0001309246063528,-0.0001522782381492,-7.72713966245355e-05,-0.0001465428346204,0.0,-6.52098733421209e-06,0.0050910248641325,0.0,0.0,0.0,0.0,0.0,5.67922006587713e-05,0.0,0.0,0.0,0.0,0.0,0.0,0.0,0.0002792907414687,0.0,0.0,0.0,0.0,0.0,-0.0074503171432256,0.0,0.0,0.0,0.0,0.0,0.0,0.0,0.0,0.0,0.0,0.0
SLC,earthquake,sectorRegion_model,DDS_ ART_ACC_R2,6.6550556179438,-0.0013388903585957,-0.254430976749413,-0.0003859002347165,0.0,0.0,0.0,0.0179719255538056,0.0,-0.002120530843831,-0.0002582879788583,0.0,0.0,-0.0009543437382477,0.0,0.0,0.0491527763566973,0.0,0.0169300062332138,0.069335488629863,0.0,0.0559155360683112,0.0,0.0007392126568062,0.0,0.0,-0.0114862272486676,-0.0085443849252828,-0.0503880451147692,-0.0023862541609632,-0.0048035517751125,-0.0011731094964121,-0.0014709138828223,-0.0007009945764097,-0.0008774733838592,-0.0018820965608043,0.0,-0.0049401542311252,-0.0017886920451773,-0.0016387013124833,0.0,-0.0007423651772053,-0.0027897705191873,0.0057092857704693,0.0010314543526557,0.0,-0.000356097503437,-0.0010888125353352,-0.0021803484740749,0.0,0.0,0.0,0.0,0.0,0.0,0.0061550990530839,0.0,-0.0012070125056005,0.0021230890066656,-0.0005923371271994,0.0,0.0,0.0,0.0,-0.004427452116001,-0.0051893737697133,0.0,0.0,0.0,-0.0052732359329931,0.0,0.0,0.0,0.0,0.0
SLC,earthquake,sectorRegion_model,DDS_ ART_ACC_R3,0.704369689953792,-0.0004349477330182,-0.0001490522611586,-0.23935813148811,0.0001358479165207,0.0,0.0001601873742475,0.0,-0.0003303153020274,-0.0001015736464969,-0.000717545036219,-0.0002075355835022,-9.95110443042919e-05,-9.97131099847007e-05,-0.000731239571186,0.0036479594344995,-0.0005501710778567,0.0034802247633861,0.0133778709709108,0.0,0.0,0.0782980112699755,-0.0027030252716721,-4.31316751052979e-05,0.0,-0.0002820141492999,0.0,0.0,0.0478326005333146,-0.0011910174638641,-0.0007049406274511,-0.0019628554104115,-0.0006497799080027,-0.0004063068725539,-0.0006751084538738,-0.0014545141188589,-0.0008866008794518,-0.0007940534237724,-0.0020010124635521,-0.0006242589181878,-0.0003999620226134,-0.0006171541122425,-0.0011893919072064,-0.0012323762889121,0.0,0.0018003742254061,0.0,-0.0003430924260558,0.0003556553368278,-0.0001092764098038,0.0,0.0,0.0007151571152035,0.0,0.0,-2.61814584031143e-05,0.0120999895225442,-0.0002523101889017,-7.65487185330967e-05,0.0008885406450911,0.0,-0.0006566992967327,0.0,0.0,0.0001805753761783,4.26864927689255e-05,-0.0043128009135719,0.0007805020669242,0.0004878709390128,-0.0042662747146338,0.039218943311633,0.0,0.0,0.0,0.0
SLC,earthquake,sectorRegion_model,DDS_ ART_ACC_R4,0.677513996972468,-0.0002709670272714,-0.0001368712815229,5.55782248412593e-06,-0.252536250117122,-3.32288448389007e-06,0.0001916530513779,0.0,-7.45440017957647e-05,-9.57085293401116e-05,-0.0001038562342139,-0.0006265659708523,-5.46107167144063e-05,-0.000141633416638,-0.0001894790667589,0.0074078483004572,0.0,-0.0004952093060915,0.0113834801481348,0.0645828657670343,0.0,0.124332597587876,-0.0187560619772834,-0.0001133172477452,0.0,0.0009877008366758,0.0,0.0,-0.107971607742678,-0.0006498001914787,-0.0005985429792996,-0.0005178861652799,-0.0019608285154695,-0.0003332120350576,-0.0003735816572845,-0.0007499023410217,-0.0002616468267998,-0.0005273818701,-0.0004757285260829,-0.0019069721857664,-0.000319451191851,-0.0006512392410082,-0.0005566555893207,0.0,-8.0049516231824e-05,0.0001715270976616,0.0010440312964318,-0.0001856719112447,-0.0003578693815182,0.0,0.0,0.0,0.0,0.0,-0.0001513500388829,-0.0001010120015521,-0.0105137249262944,-0.0007220705747845,-0.0002013779685165,0.0,0.0049903888107824,0.0,0.0,-0.002916504729274,0.0002428087625447,9.22935308372554e-06,1.05100225794905e-05,-0.000523352389949,0.0014717190391313,0.0,0.0,0.0,0.0,0.0,0.0
SLC,earthquake,sectorRegion_model,DDS_ ART_ACC_R5,0.641178543493747,-0.0003136538966946,-0.0001070746257451,-0.0002032986189695,-0.0002277322174922,-0.219168444445115,-0.0012720954354316,0.0050298787463157,-0.0003061777226918,-0.0001649739949795,-0.0001603528967219,-0.000253481063361,-0.0008125098993755,-0.0002901615708481,-0.0003748194405784,0.0,0.0010611912759925,-0.0012969241214424,0.0,0.0,0.0041121604484931,0.0,0.00786991169173,-6.84400320708768e-05,-2.99747662453756e-05,0.0,0.0005037287971798,0.0003694337461228,0.0,-0.0013507553483604,-0.0009406043337361,-0.0009533176649356,-0.0009045075552362,-0.0021130287122889,-0.0011959432906354,-0.0020201301282257,-0.0010844165728928,-0.0009580258298638,-0.0009115938119507,-0.0007987577264585,-0.0020979254757528,-0.0011067653578282,-0.0017442004481223,0.0002583775270902,6.80088945992761e-05,-2.51569524153509e-05,-0.0001685319255877,0.0019831534472689,-0.0002277069870389,-0.0008762164299439,-9.29387720211173e-05,0.0142734499390344,0.0,0.0,0.0007746071934767,-0.001624413789944,-0.0071900047491667,-0.0002886165866458,-0.0002315974683522,0.0,-0.0005360824583967,0.003973777755825,0.0,0.0,0.0,0.0002148516396533,-0.0002043926735553,0.0,-0.003489364765292,0.0,0.0,0.0,0.0,0.0,0.0
SLC,earthquake,sectorRegion_model,DDS_ ART_ACC_R6,-0.468765176222542,-7.69641767333155e-05,-7.18993789622066e-05,-1.80711210898914e-06,0.0,-1.63623978009912e-05,-0.221971494910623,0.0,-0.0001811811998495,-9.64565894382843e-05,-0.0001174128201688,-9.65936562684205e-05,-0.0001053453442554,-0.0007889451855578,-0.0002655917343549,0.0,0.0,0.0,0.0,0.0,0.0,0.0,0.0,-3.91541679014107e-05,0.0,0.0,0.0,0.0,0.0,-0.0007146434577,-0.0004492125862227,-0.0004967766846548,-0.0004015974575835,-0.0003951814752139,-0.002255794928385,-0.0018840233836999,-0.0006154587653264,-0.0004490406169134,-0.0004423121907798,-0.0003424893698997,-0.0003546661288795,-0.0021340576087826,-0.001711339847343,0.0,-1.09632760631333e-05,0.0,-3.75204581175685e-05,-6.49214817602184e-05,0.0029590937607278,0.0,0.0,0.0,0.0,0.0,-1.99063879098198e-05,0.0015053381888182,0.0,-0.0001104997792271,0.0,-1.87809969659888e-05,0.0,0.0,0.0,0.0,0.0,0.0,0.0,0.0,0.0,-0.0041165519291258,0.0,0.0,0.0,0.0,0.0
SLC,earthquake,sectorRegion_model,DDS_ ART_ACC_R7,-0.391375299064607,0.0,0.0,0.0,0.0,0.0,0.0,-0.231489464385226,-6.11945692690904e-06,-8.52266671932514e-06,-1.50386414882956e-05,0.0,0.0,0.0,1.01131308921313e-05,0.0,0.0,0.0,0.0,0.0,0.0,0.0,0.0,-1.96199718234526e-06,0.0,0.0,0.0,0.0,0.0,-9.49772660846507e-05,-4.30814327944831e-05,-6.32222468952671e-05,-3.72050778929848e-05,-3.45980477456612e-05,-9.53611846386482e-05,-0.0006479368458112,-2.88962037534976e-05,-3.52091048791614e-05,-4.74190362837579e-05,-3.99077833428752e-06,0.0,-1.49309676346914e-05,-0.0004045447164694,0.0,0.0,0.0,0.0,0.0,0.0,0.0004994327971191,0.0,0.0,0.0,0.0,0.0,0.0,0.0,0.0,0.0,0.0,0.0,0.0,0.0,0.0074322446877897,0.0,0.0,0.0,0.0,0.0,0.0,0.0,0.0,0.0,0.0,0.0
SLC,earthquake,sectorRegion_model,DDS_ COMMER_R1,5.7146969042399,-0.0123132806101776,-0.0002431398237917,-6.25513748885101e-05,0.0,-0.0005655069938664,0.0095744792159543,0.0342516941931734,-0.24746714288349,-0.0008170285939693,-0.000991659740953,-0.0006974061310816,-0.0005596939232897,-0.0004938332848975,-0.0026836749952628,0.0,0.0030670641131856,0.0,0.0,0.0,0.0,-0.062764138158186,0.0,-0.0006267897171196,0.0,-0.016191339285201,0.0,0.0,0.0,-0.0276183525019741,-0.0041888627305099,-0.0043870828534255,-0.0035121917600557,-0.002310354990163,-0.0036712953177083,-0.0087652461880174,-0.0258825572998235,-0.0045991971553663,-0.0033790715780324,-0.0028993519852561,-0.0021333847636197,-0.0026443425547841,-0.0051508146676387,0.0296380234792876,0.0,0.0005849537727299,-0.0008402501265623,-0.0013433336970426,0.0,0.0,0.0093089551556193,-0.0464127740425737,0.0005432406879337,0.0,0.0,0.0,0.0,0.0071646099611453,0.0,0.0,0.0,0.0,0.0,-0.0670926087888019,-0.0084077588895153,-0.0004859179389561,0.0,0.0,0.0,0.0011849960624607,-0.167085653531387,0.0,0.0,0.0,0.0
SLC,earthquake,sectorRegion_model,DDS_ COMMER_R2,23.9122304883471,-0.0042374760843782,-0.0233239225239954,-0.0020671404670981,0.0,0.0,0.0,0.0,-0.0053772514917326,-0.259738187112576,-0.0018903476495222,-0.0011890724286438,-0.0011664667033656,-0.0003452269883139,-0.0143898343447959,0.0,0.0,-0.0101187565266791,-0.191280044179309,0.0,0.502279683879968,0.0,0.0,0.0,0.0,0.0,0.0423876961684989,0.0,0.0,-0.0200497729921966,-0.039764353262651,-0.0100673116642033,-0.0146612172797624,-0.0084136801680643,-0.0131721778791883,-0.0225939060538158,-0.0167157790805434,-0.040460108559261,-0.0073677032907217,-0.0133067315906298,-0.0081113561774746,-0.0152529214016012,-0.0243404947155089,0.0,0.0019543438683509,0.0,0.0,-0.0040608045988503,-0.0083233268967666,0.0,-0.0032276703524077,-0.0482374175974412,0.0,-0.266131635258801,-0.0007793674921177,0.0390904444297113,-0.320002674755111,0.0,0.0149937765995154,-2.26871688649459e-05,0.0,-0.0017448048881748,0.128337621109327,0.147461381485641,0.0,-0.0212896915115706,0.0,0.0,-0.0024869825196138,0.0,0.825183562945141,0.0,0.0,0.0,0.0
SLC,earthquake,sectorRegion_model,DDS_ COMMER_R3,19.0705830059769,0.0,-0.0017175508741593,-0.0077964193372073,-0.0075360622117553,-0.0059078691476198,0.0,0.0153721289648871,-0.004358350368963,-0.0018400098383727,-0.23558323363204,-0.0006742823992634,-0.000656555722321,-0.0009159590363499,-0.0031637676235676,-0.34184089164795,0.0,0.0151588752272029,0.0,0.0,-0.285136916148048,0.0,0.0,0.0,0.0,0.0,0.0100139176199279,0.0,0.0,-0.0204680618028943,-0.0115012855157727,-0.0311029404387964,-0.01007555700819,-0.0064200030518869,-0.0113343696791136,-0.0245003585911776,-0.0186469312902144,-0.0120343753795141,-0.0304889990629167,-0.0067705600422304,-0.0027648988781386,-0.0092329160524261,-0.005868212867561,-0.0194452181447198,0.0,0.0,0.0,-0.0042098250310315,0.0002225985007671,0.0,0.0,-0.787477609544551,0.0016312861143,0.204349983093576,0.0,0.0,-0.0206211649136211,0.0,0.0,0.005151933869204,-0.0037882162883419,0.0034282096565677,0.125480195212174,-0.127133704412615,-0.0234515449522337,0.0,-0.0230497126358547,0.0,0.0138103941515189,-0.0730063296858372,0.0,0.0,0.0,0.0,0.0
SLC,earthquake,sectorRegion_model,DDS_ COMMER_R4,5.15319306901029,0.0,-0.0012062567805668,-0.0012597084074018,-0.008386284292751,-5.40653540238918e-05,0.0,0.0,-0.0011239378340864,-0.0009987098615526,-0.0007849789892044,-0.239324681123206,-0.000882086612871,-0.0009783042946941,0.0,-0.0365722067371294,0.0,-0.0007630866895786,0.0,0.0448540517310922,0.0,0.0,0.0362504064489331,-0.0004728898045525,0.0,0.0,0.0,0.0387200045173062,-0.159487974223733,-0.0058585156793169,-0.0072041352992393,-0.0042251698297674,-0.0195610875017855,-0.003864196239836,-0.0046689281365412,-0.0085509162150107,-0.0029699398794841,-0.0070302229475808,-0.0041028254832573,-0.0196396604432439,-0.0029603730417639,-0.0037502771403862,-0.0093941243893811,0.0,0.0,0.0,0.0033055259901892,-0.0004428425325922,0.0,-0.0068136185728329,-0.0035232862114885,0.0,0.0,0.101375227081182,0.0,0.0,0.0,0.0,0.0,-0.0001563395576875,0.0157250543223147,0.0,-0.0175179586287249,0.0,0.0,0.0,0.0,0.0,0.0001463021067569,0.0,0.0399949037164542,0.0,0.0,0.0,0.0
SLC,earthquake,sectorRegion_model,DDS_ COMMER_R5,8.53361941352256,-0.0012344526926628,-0.002827176624818,-0.0018655663375408,-0.0029157116981784,-0.0202353195619348,-0.0138488914190302,0.0332585958981827,-0.0039964012286907,-0.0024384594963141,-0.0023018858242503,-0.002752623439194,-0.234843858293073,-0.0042872428846881,-0.0068642794591257,-0.05612784188719,-0.0187497950319887,-0.0007600685727836,0.096404968138404,0.0,0.0,0.879388829711327,0.0,-0.0012656999386812,0.0,0.0073322634713408,0.0022985564360875,0.0061338794226467,0.0,-0.0204235749412412,-0.0165532752624069,-0.012168781280219,-0.014694811800567,-0.0310299719033276,-0.0191059810834552,-0.0370170210496798,-0.0173270285368678,-0.0162791760549579,-0.0110962493689659,-0.0136504298628143,-0.0304212235166361,-0.0203689343654029,-0.032672344156151,-0.0219226205417004,-0.0005720288911661,-0.004363595133195,-0.002169662367667,0.0089707782493421,-0.0045860845245394,0.0010387963417928,0.0011499217280613,0.0,0.0,0.0,0.0097016793623495,-0.0123575661177585,0.0,-0.0056882136431493,-0.0013680004464434,-0.0021254016617018,0.0,0.0063201515288007,0.046619737416918,0.0,0.0019597443374828,0.0,0.0,0.0,-0.002316164216297,-0.0175536498744312,0.0,0.0,0.0,0.0,0.0
SLC,earthquake,sectorRegion_model,DDS_ COMMER_R6,2.30096356137875,-0.0018782873782258,-0.0010177065066644,-0.0008217396315737,-0.0009830084466765,-0.0006958740416008,-0.0108055117019642,-0.0264498746150614,-0.0018625490898473,-0.0010065034537929,-0.001105526439833,-0.0012152043050518,-0.0011236626749567,-0.219724335919146,-0.0035891849525168,0.0,0.0001806282359748,-0.0007925683860694,-0.0113625527145208,-0.130253291465082,0.0227531388510037,0.0,0.0073348076385764,-0.0007139532535445,0.0,-0.0144820544191795,0.0088425971717063,-0.0073374563567615,-0.0748130552092043,-0.0071771205455294,-0.0052470615330581,-0.0046215834682595,-0.0044804993817965,-0.0041735041414551,-0.025047433548015,-0.0198635861659464,-0.0069264286352645,-0.0052496059164392,-0.0044251690584618,-0.0047900015004044,-0.0036447805340411,-0.0247089782876326,-0.0190219421520376,-0.0041306785029094,-0.0008146617358066,0.0,-0.0008491609129245,-0.0010283788400392,0.011672916510357,-0.0036110465688826,-0.0005503682600948,0.0,-5.20749117919851e-06,0.0,-0.000548061572508,0.0,0.0,-0.0029177676718906,-0.0001929357582782,-0.0009267803367843,-0.0017717687792656,-0.0023604028234848,0.0111384961421454,-0.0227500476317321,-0.0043202642959051,-0.0002664154752129,0.0,-0.0063833434043083,0.002083835484144,-0.0254057866607554,0.0,0.0,0.0,0.0,0.0
SLC,earthquake,sectorRegion_model,DDS_ COMMER_R7,0.0191216523086962,-0.0003190998928086,-0.0002064092008256,0.0,-0.0003390399671933,-0.000232472837451,-0.0006679019844719,0.0007693464981528,-0.0005111433058488,-0.0002574695015897,-0.0003164854059851,-0.0003073152999292,-0.0002532621024882,-0.0005553015391638,-0.215899085696565,0.0,-0.0004092765351067,-0.0002228831799263,0.0,-0.0203378317451025,-0.0011324888639837,0.0174228842892358,0.0,-0.0001890362329211,0.0,0.000479276533453,-0.0011116564235147,-0.0030091347068987,0.0,-0.0016123337577962,-0.0009289951861625,-0.001001825371099,-0.0007745830505161,-0.0006885801980494,-0.0018999570877019,-0.0173341171822307,-0.001696182539109,-0.0009428639049084,-0.0009497902411999,-0.0007645555443018,-0.0006890839301272,-0.0016987950658764,-0.0172893665088468,0.0,-0.000319919817786,0.0,-0.0002518821881365,-0.0003825089120612,-0.0001454412668373,0.0131779646072113,-0.000280790499725,0.0033276802671216,0.0,0.0,-8.61603957198119e-05,0.0,-6.47512733261745e-05,-0.0001769805390559,-0.0004202207814171,-0.0003784772601454,-0.0002846300679194,0.0,0.0,0.0262623927078889,-0.0003122842079679,-0.0002223946404676,-0.0002850419833526,0.0,3.57461344413201e-05,-2.72737878098631e-05,-0.0142656945494305,0.0,0.0,0.0,0.0
SLC,earthquake,sectorRegion_model,DDS_ CONS_R1,-0.586281311224274,0.0015966952357739,-2.49365692345539e-05,0.0,0.0,0.0,0.0,0.0,0.0005926550845583,-3.23864425658633e-05,-3.39564686106932e-05,-3.27331987821959e-05,-1.98596454406272e-05,-2.10572665038833e-05,-1.55530601854504e-05,-0.311936187026273,0.0,0.0,0.0,0.0,0.0,0.0,0.0,0.0,0.0,0.0,0.0,0.0,0.0,-0.0021007074653016,-0.0003383419594182,-0.0002827188983864,-0.000286157353539,-0.0001796217807309,-0.0003196542591792,-0.000788021802865,-0.0019874263283963,-0.000329241247032,-0.0002434768077395,-0.0002432895092041,-0.0001343756486784,-0.0002174595056857,-0.0006225553079588,0.0066092466439502,0.0,0.0,0.0,0.0,0.0,0.0,1.82222443027108e-05,0.0,0.0,0.0,0.0,0.0,0.0,0.0023420518117296,0.0,0.0,0.0,0.0,0.0,0.0,0.0,0.0,0.0,0.0,0.0,0.0,0.0,0.0,0.0,0.0,0.0
SLC,earthquake,sectorRegion_model,DDS_ CONS_R2,-0.709935582459388,-0.0002010604007487,0.0018617528112186,-1.97117237570971e-05,-5.65581169294834e-05,-3.55948795917339e-05,0.0,0.0,-0.0003899000868576,0.0003717371049483,-0.0001366862865096,-0.0001984372747253,-0.0001294539985878,-0.0001524223636979,-0.0002665082892763,0.0,-0.332645276914703,0.0,0.0,0.0,0.0,0.0,0.0,0.0028276051929487,0.0,0.0,0.0,0.0,0.0,-0.0017114149891024,-0.0056592101618716,-0.0008519987390617,-0.0012626853935766,-0.0007120797917285,-0.0010576017517649,-0.0020698975735423,-0.0015679431196377,-0.0056637838762373,-0.0008123299251332,-0.0012173472130502,-0.0006611672486477,-0.0009038260174974,-0.0019241785272489,-0.0001833034034114,0.0037905119973255,0.0,-9.1593889203828e-05,0.0,-0.0001183060070529,0.0,0.0,0.0,0.0,0.0,0.0,0.0,0.0,-0.0002823704228846,0.0025993366069712,-5.09906018440498e-06,0.0,0.0,0.0,0.0,-9.21262482354211e-05,-4.21812168739877e-05,-2.03844210901111e-05,0.0,0.0,0.0,0.0,0.0,0.0,0.0,0.0
SLC,earthquake,sectorRegion_model,DDS_ CONS_R3,0.023681189518034,-0.0010868526800431,-0.0003233225340003,0.0036749255941952,-0.0004548349815274,-0.0003349760615303,0.0,0.0,-0.000877476920083,-0.0002768864990301,0.0014806534002925,-0.0003460259823885,-0.0002553296430908,-0.0004210251882732,-0.0008955279822802,0.0,-0.0021193152710445,-0.302562256520463,0.0,0.0,0.0006098418958785,0.0,0.0,-0.0001351627055659,0.0040811958460117,0.0,0.0,0.0,0.0,-0.0040694050887795,-0.0023322285802741,-0.0067466082602816,-0.0021362822177135,-0.0013917759910116,-0.0023289632028113,-0.005245831652671,-0.0039751108015475,-0.0023214721617971,-0.0067313857758018,-0.0021188887241283,-0.0013633439805454,-0.0021424914039096,-0.0052684583671611,0.0003823528385376,-0.0001279496336118,0.0075254401442849,-0.0002293409968577,-0.0004453204327312,-0.0005013470878087,-0.0003961221925224,-0.0005511270911853,-0.0038324153873928,0.0,-0.0005611961145525,-3.86132895833438e-05,0.0005166414902159,0.0,-0.0010024170264591,-7.44657950527131e-05,0.0046432031414741,0.0007046651470223,-0.0002558955438769,0.0,0.0,0.0,0.0,-0.0002060099218391,0.0,-0.0011566010824814,0.0,-0.0373657283636467,0.0,0.0,0.0,0.0
SLC,earthquake,sectorRegion_model,DDS_ CONS_R4,-0.660460502261348,0.0,-4.89083016270672e-05,0.0,0.0007787562293489,0.0,0.0,0.0,-0.0001118757329626,-5.47402189606013e-05,-5.00731341121895e-05,0.000490373783265,-3.95025894746998e-05,-3.57202158534838e-05,-6.45076033843819e-05,0.0,0.0,0.0,-0.307460671021179,0.0,0.0,0.0,0.0,-1.27212289888617e-05,0.0,0.0003379675318276,0.0,0.0,0.0,-0.0005639075133573,-0.0005845014818338,-0.0003666622701335,-0.001166581922588,-0.0003169597421386,-0.0004028936625998,-0.0007805125541043,-0.0004767935881193,-0.0005828150270079,-0.000332331003801,-0.0011339715792836,-0.000261257346196,-0.0003311202465046,-0.0005346971257267,0.0,0.0,0.0,0.0019279641622875,0.0,0.0,0.0,0.0,0.0,0.0,0.0,0.0,0.0,0.0,0.0,0.0,0.0,0.0015125039200616,0.0,0.0,0.0,0.0,0.0,0.0,0.0,0.0,0.0,0.0,0.0,0.0,0.0,0.0
SLC,earthquake,sectorRegion_model,DDS_ CONS_R5,-0.68648666360442,-0.0003711477971611,-0.0001807913902896,-3.48471982994344e-05,-3.54534724092374e-05,0.0021555730224253,0.0,0.0,-0.0004585732620004,-0.000152203898267,-0.0001689974044533,-0.0002008825781056,0.0010852298616441,-0.000252177365996,-0.0005183499663563,0.0,0.0,0.0,0.0,-0.287369204994788,0.0,0.0,0.0,-8.19290505345328e-05,0.0,0.0,0.0023144893015164,0.0,0.0,-0.0019133169670709,-0.0013967696204387,-0.001133967989489,-0.0012728097524786,-0.0021537909261076,-0.0016416295607575,-0.003275287203135,-0.0018163913792923,-0.0014012605037497,-0.0011098860725222,-0.0012308243250216,-0.0020906468310824,-0.001558060657554,-0.0030932412214947,0.0,-1.11667540317716e-05,0.0,-0.0001142965147263,0.0043592434715492,-6.55671348948654e-05,-0.0001361923526676,-0.0001289534147627,0.0,0.0,0.0,-0.0006040514426926,0.0,0.0,-0.0003412699483987,-5.1211505103776e-05,-6.71191238309047e-05,0.0,0.0048678612525842,0.0,0.0,-0.0001543075605628,-2.62628248841e-06,-5.82204459172931e-05,0.0,0.0,0.0,0.0,0.0,0.0,0.0,0.0
SLC,earthquake,sectorRegion_model,DDS_ CONS_R6,-0.745470218981758,-0.000363899008855,-0.000171448918803,-5.85815625678734e-05,-3.48062381602543e-05,-6.29750016865421e-05,0.0024688328288171,0.0,-0.0004586638032648,-0.0001455835306788,-0.0001672640556458,-0.0001956446258849,-0.0001369054953946,0.0018313367700285,-0.0007091157962116,0.0,0.0,0.0,0.0,0.0,-0.245108594170526,0.0,0.0,-8.02964297299388e-05,0.0,0.0,0.0,0.0006442082079805,0.0,-0.0018063025452183,-0.0011727003233613,-0.0011001660824026,-0.0010520170808131,-0.000957392052185,-0.0013183087861353,-0.0048892960935631,-0.0017182641900958,-0.0011674679840685,-0.0010648085933621,-0.0009962669911328,-0.0008954096478233,-0.0012317841487468,-0.0046654750129059,0.0,-2.80928541189022e-06,0.0,-0.0001030030521066,-9.96779595674135e-05,0.0083772419132861,-0.0001921188095191,-9.9085529715385e-05,0.0,0.0,0.0,0.0,0.0006918937386588,0.0,-0.0003449243200211,-3.27011441411881e-05,-7.04555115254375e-05,0.0,0.0,0.0047232885775546,0.0,0.0,0.0,-1.15665031500078e-05,0.0,0.0,-0.0015454174057792,0.0,0.0,0.0,0.0,0.0
SLC,earthquake,sectorRegion_model,DDS_ CONS_R7,-0.59852820129022,-0.0001542979390432,-6.74454936693682e-05,0.0,0.0,0.0,0.0,0.0072108902259443,-0.0002284913899829,-6.49371144168064e-05,-8.14860721115901e-05,-7.92979876728693e-05,-5.31503981967947e-05,-0.0001096641386101,0.0039023293043265,0.0,0.0,0.0,0.0,0.0,0.0,-0.171415401017176,0.0,-2.30946034172541e-05,0.0,0.0,0.0,0.0,0.0,-0.0010365000998399,-0.000560414899346,-0.0006243671006821,-0.0004955479261606,-0.0003926462794491,-0.0009870059817205,0.0,-0.0009553131759595,-0.000561769114752,-0.000591378724986,-0.0004472126318708,-0.000328600699103,-0.0009190737245425,0.0,0.0,0.0,0.0,-9.53771968702665e-06,-1.42537141335426e-05,0.0,0.0111225882152056,0.0,0.0,0.0,0.0,0.0,0.0,0.0,-0.0001327767905523,0.0,0.0,0.0,0.0,0.0,0.0223437131208704,0.0,0.0,0.0,0.0,0.0,0.0,0.0,0.0,0.0,0.0,0.0
SLC,earthquake,sectorRegion_model,DDS_ EDU_R1,-0.409772464068632,0.0008271213662405,-2.02509669228457e-05,0.0,0.0,0.0,0.0,0.0,-0.0001651068075874,-4.19925231736917e-05,-5.25396694803896e-05,-2.72612919020651e-05,-1.80996197472142e-05,-1.80918318482683e-05,-8.94666778435408e-07,0.0,0.0,0.0,0.0,0.0,0.0,0.0,-0.30126687101192,-6.24833475899615e-06,0.0,0.0,0.0,0.0,0.0,-0.002928655997908,-0.0001792991282167,-0.0001625157028387,-0.0001427543970075,-8.89349007520931e-05,-0.0001591796986625,-0.0003933566719613,-0.0028486771715724,-0.0001722981895903,-0.0001290688762257,-0.0001053260412435,-3.9072120875418e-05,-9.76188096544138e-05,-0.0002057593978016,0.0039911104891088,0.0,0.0,0.0,0.0,0.0,0.0,0.0014359657286895,0.0,0.0,0.0,0.0,0.0,0.0,0.0017514163308546,0.0,0.0,0.0,0.0,0.0,0.0,-0.0013374942792697,0.0,0.0,0.0,0.0,0.0,0.0,0.0,0.0,0.0,0.0
SLC,earthquake,sectorRegion_model,DDS_ EDU_R2,3.15416207243128,0.0,0.0007436560444119,-0.0003723717995242,0.0,0.0,0.0,0.0,0.0,-3.54949646846468e-05,-8.95618281935265e-06,0.0,0.0,-6.6685765394069e-05,0.0,-0.0311519129582327,-0.0090544779407551,-0.000152717920561,0.0,-0.0668510656978807,0.0229093427519709,0.0,0.0,-0.246281407106601,0.0,0.0,0.0,0.0,-0.0996901736624285,-0.0015846538542387,-0.0024081853764674,-0.0006272404607066,-0.0010631199757045,-0.0005739406052389,-0.0007899073562882,-0.0014364525138972,-0.0014660792518556,-0.0019712243174982,-1.66729280375852e-05,-0.0009402356560002,-0.0002568404348172,-0.0011486267964995,0.0,0.0,0.0017200547551516,-0.0018284205844875,0.0,0.0,0.0017188987092512,-0.0009078549869029,0.0,-0.102218402338328,0.0,0.0,0.0,0.0,0.0,0.0,0.0030599341801953,-0.0007343432766481,0.0,0.0036549558153499,0.0,0.0,0.0,-0.0024277862274982,0.0,0.0132901901870882,-0.0110426935906593,0.0123432898806026,-0.147505244207847,0.0,0.0,0.0,0.0
SLC,earthquake,sectorRegion_model,DDS_ EDU_R3,-0.437162583701428,-0.0004819165961138,-0.0001977710923063,0.0011763301314833,-8.22464693491499e-05,-1.85524852726934e-05,0.0,0.0,-0.000500703109449,-0.0001938252295021,4.00537932380181e-05,-0.000223645153873,-0.000163972413878,-0.0002686710920869,-0.0004879204855819,0.0,0.0,0.0056338067297671,0.0,0.0,0.0,0.0,0.0,-0.0001138803848269,-0.261162908550635,0.0,0.0,-0.0001450809580892,0.0,-0.0022593511425026,-0.001237602147471,-0.0019482010998133,-0.0011281843074125,-0.0007472850272158,-0.0012207100265492,-0.0027837323573623,-0.0022286532336045,-0.0012456843587914,-0.0019092852999665,-0.0010804980497667,-0.0007159167247394,-0.0011120504573171,-0.0026465078163415,0.0,-0.0001204053460306,0.0038746343733829,-0.0001514494067259,-0.0001210278845744,-3.61649493128891e-05,-3.5644354248113e-05,-2.99420705019884e-05,0.0,0.0030714514311679,0.0,-3.8843585401106e-05,0.0,0.0,-0.000344773471223,-9.75543974819688e-05,0.0023107239251553,0.0,0.0,0.0,0.0,-7.236700838222e-05,0.0,-0.0076315794204717,0.0,0.0,0.0,0.0,0.0,0.0,0.0,0.0
SLC,earthquake,sectorRegion_model,DDS_ EDU_R4,0.0516894295220858,-0.0017247576200906,-0.0009529677944972,-0.0004870823742649,0.0066513642157492,-0.0004974262714354,-0.0006341386623621,-0.0016227922554743,-0.0015800285771108,-0.0007514250673645,-0.0006683001887648,0.0021745536073445,-0.0006850739984835,-0.0010314196267788,-0.0021216839083452,0.0,0.0,-4.44506663070231e-05,0.0120387933784647,0.0,0.0,0.0,-0.0054495682043147,-0.0005147167296877,-0.000305844231406,-0.270659518117388,-0.0007215528112156,-0.0005703190547387,0.0,-0.0066930980502479,-0.0070020720516502,-0.0041781194048465,0.00064020044245,-0.0037471516991125,-0.0049040437015809,-0.0093219505744237,-0.0064681807697454,-0.0070204785465237,-0.0041253363546654,0.0006403760372187,-0.0036221316373235,-0.0047548564831447,-0.0093159379031519,-0.0017633009807205,-0.0007268706206765,-0.0004257863874769,0.0216360452811208,-0.0005012983865485,-0.0006720118661863,-0.0007232399769587,-0.0009535924459787,-0.0043665090726693,-3.34978952181816e-05,0.0243952237871637,-0.0001985008435539,0.0,0.0,-0.0019268544820738,-0.0007096434365292,-0.0005557339244977,0.027237277051504,-0.0005078475204087,0.0,-0.0052412819020825,-0.0010456386431696,-0.0003143949248886,-0.000341978816172,-0.0266218735915139,0.0,-0.0003633964532815,0.0,0.0,0.0,0.0,0.0
SLC,earthquake,sectorRegion_model,DDS_ EDU_R5,-0.454429283406403,-0.0001317730527816,-0.0001512055026667,-3.50739710198504e-05,-3.75164724201877e-06,0.0010599097216619,0.0,0.0,-0.0002608390066812,-0.0001544684881395,-0.0001566010776572,-0.0001560087044979,4.37914758266478e-05,-0.0002099443640477,-0.0002787743797715,0.0,0.0,0.0,0.0,0.0,0.0,0.0,0.0,-9.39041729882216e-05,0.0,0.0,-0.224426104481356,0.0,0.0,-0.0011445503418555,-0.0008581794917886,-0.000747885807585,-0.0007778201464117,-0.0023489112349312,-0.0010080345280201,-0.0019162270003384,-0.0010364416316814,-0.0008590104177858,-0.0007206339913641,-0.0007208539726122,-0.0022906683217022,-0.0009306618236789,-0.0016312401773009,0.0,-2.73639293788139e-05,0.0,-0.0001126731815868,0.0024659807014218,-0.0001126941154194,0.0,0.0,0.0,0.0,0.0,0.0018204559328083,0.0,0.0,-0.0001039623745512,-1.89111957868652e-05,-1.35333099484225e-05,0.0,0.0032964170115962,0.0,0.0,0.0,0.0,0.0,0.0,-0.003234760848009,0.0,0.0,0.0,0.0,0.0,0.0
SLC,earthquake,sectorRegion_model,DDS_ EDU_R6,-0.57443792002113,-4.99495816011137e-05,-7.51460680548971e-05,0.0,0.0,-2.42662522058338e-05,0.0003652884334346,0.0,-0.0001645620526703,-8.47704806908303e-05,-0.0001121364624613,-7.89110910573239e-05,-0.0001008074675966,1.22413907000485e-05,-0.0001981647097441,0.0,0.0,0.0,0.0,0.0,2.6826293486002e-05,0.0,0.0,-4.94183045931304e-05,0.0,0.0,0.0,-0.204484391861097,0.0,-0.0006222932418115,-0.0003682555170823,-0.0004814619927483,-0.0003331359698056,-0.0003462510233403,-0.0025118980649771,-0.0016615726639711,-0.000524372860324,-0.0003656043489171,-0.0004385780551094,-0.0002845763007071,-0.0002790109852571,-0.002431702716153,-0.0014185374713371,0.0,-1.6244380316593e-06,0.0,-4.44504456520345e-05,-7.61210406669128e-05,0.003732260074552,-1.92656629676519e-05,0.0,0.0,0.0,0.0,-4.40454153625763e-05,0.0019041625306218,0.0,-4.83355886678345e-05,0.0,0.0,0.0,0.0,0.0,0.0,0.0,0.0,0.0,0.0,0.0,-0.005239584843295,0.0,0.0,0.0,0.0,0.0
SLC,earthquake,sectorRegion_model,DDS_ EDU_R7,-0.642412004995922,-7.47932991531026e-05,-6.22207350632862e-05,0.0,0.0,0.0,0.0,0.0037886545775452,-0.0001441172928222,-8.20162753864594e-05,-9.93312464695695e-05,-7.05459223775078e-05,-7.25380312190948e-05,-0.0001279887946746,0.0012554012461365,0.0,0.0,-1.47912427473707e-05,0.0,0.0,0.0,0.0,0.0,-5.9735081716586e-05,0.0,0.0,0.0,0.0,-0.166524630973566,-0.0005311042170858,-0.0002944150269526,-0.0003442970176035,-0.0002452240030791,-0.000215886577103,-0.0005867205550807,-0.0058335945739841,-0.0004480924446931,-0.0002834374973776,-0.0003151522343754,-0.000201177595507,-0.0001514047529199,-0.0004696097601646,-0.0056277733957057,0.0,0.0,0.0,-2.43570069875232e-05,-3.60195212739033e-05,-2.06455629733226e-06,0.0064364511894832,0.0,0.0,0.0,0.0,-2.21201195843063e-05,0.0,0.0,-1.32340938991279e-06,0.0,-3.57257493151407e-05,0.0,0.0,0.0,0.0148804692545143,0.0,0.0,0.0,0.0,0.0,0.0,0.0,0.0,0.0,0.0,0.0
SLC,earthquake,sectorRegion_model,DDS_ HS1_R1,-2.89454335005037,0.0,0.0,0.0,0.0,0.0,0.0,0.0,0.0,0.0,0.0,0.0,0.0,0.0,0.0,0.0,0.0,0.0,0.0,0.0,0.0,0.0,0.0,0.0,0.0,0.0,0.0,0.0,0.0,-0.244031431815997,0.0,0.0,0.0,0.0,0.0,0.0,0.0,0.0,0.0,0.0,0.0,0.0,0.0,0.0,0.0,0.0,0.0,0.0,0.0,0.0,0.0,0.0,0.0,0.0,0.0,0.0,0.0,0.0,0.0,0.0,0.0,0.0,0.0,0.0,0.0,0.0,0.0,0.0,0.0,0.0,0.0,0.0,0.0,0.0,0.0
SLC,earthquake,sectorRegion_model,DDS_ HS1_R2,-6.4600883351923,0.0,0.0,0.0,0.0,0.0,0.0,0.0,0.0,0.0,0.0,0.0,0.0,0.0,0.0,0.0,0.0,0.0,0.0,0.0,0.0,0.0,0.0,0.0,0.0,0.0,0.0,0.0,0.0,0.0,-0.245213839456034,0.0,0.0,0.0,0.0,0.0,0.0,-0.0001213913297681,0.0,0.0,0.0,0.0,0.0,0.0,0.0,0.0,0.0,0.0,0.0,0.0,0.0,0.0,0.0,0.0,0.0,0.0,0.0,0.0,0.0,0.0,0.0,0.0,0.0,0.0,0.0,0.0,0.0,0.0,0.0,0.0,0.0,0.0,0.0,0.0,0.0
SLC,earthquake,sectorRegion_model,DDS_ HS1_R3,-6.09376138595309,0.0,0.0,0.0,0.0,0.0,0.0,0.0,0.0,0.0,0.0,0.0,0.0,0.0,0.0,0.0,0.0,0.0,0.0,0.0,0.0,0.0,0.0,0.0,0.0,0.0,0.0,0.0,0.0,0.0,0.0,-0.245417437642029,0.0,0.0,0.0,0.0,0.0,0.0,0.0,0.0,0.0,0.0,0.0,0.0,0.0,0.0,0.0,0.0,0.0,0.0,0.0,0.0,0.0,0.0,0.0,0.0,0.0,0.0,0.0,0.0,0.0,0.0,0.0,0.0,0.0,0.0,0.0,0.0,0.0,0.0,0.0,0.0,0.0,0.0,0.0
SLC,earthquake,sectorRegion_model,DDS_ HS1_R4,-7.62591861040008,0.0,0.0,0.0,0.0,0.0,0.0,0.0,0.0,0.0,0.0,0.0,0.0,0.0,0.0,0.0,0.0,0.0,0.0,0.0,0.0,0.0,0.0,0.0,0.0,0.0,0.0,0.0,0.0,0.0,0.0,0.0,-0.23217499147401,0.0,0.0,0.0,0.0,0.0,0.0,0.0,0.0,0.0,0.0,0.0,0.0,0.0,0.0,0.0,0.0,0.0,0.0,0.0,0.0,0.0,0.0,0.0,0.0,0.0,0.0,0.0,0.0,0.0,0.0,0.0,0.0,0.0,0.0,0.0,0.0,0.0,0.0,0.0,0.0,0.0,0.0
SLC,earthquake,sectorRegion_model,DDS_ HS1_R5,-7.60128796945017,0.0,0.0,0.0,0.0,0.0,0.0,0.0,0.0,0.0,0.0,0.0,0.0,0.0,0.0,0.0,0.0,0.0,0.0,0.0,0.0,0.0,0.0,0.0,0.0,0.0,0.0,0.0,0.0,0.0,0.0,0.0,0.0,-0.197193736450118,0.0,0.0,0.0,0.0,0.0,0.0,0.0,0.0,0.0,0.0,0.0,0.0,0.0,0.0,0.0,0.0,0.0,0.0,0.0,0.0,0.0,0.0,0.0,0.0,0.0,0.0,0.0,0.0,0.0,0.0,0.0,0.0,0.0,0.0,0.0,0.0,0.0,0.0,0.0,0.0,0.0
SLC,earthquake,sectorRegion_model,DDS_ HS1_R6,-4.59912088323904,0.0,0.0,0.0,0.0,0.0,0.0,0.0,0.0,0.0,0.0,0.0,0.0,0.0,0.0,0.0,0.0,0.0,0.0,0.0,0.0,0.0,0.0,0.0,0.0,0.0,0.0,0.0,0.0,0.0,0.0,0.0,0.0,0.0,-0.239846870923636,0.0,0.0,0.0,0.0,0.0,0.0,0.0,0.0,0.0,0.0,0.0,0.0,0.0,0.0,0.0,0.0,0.0,0.0,0.0,0.0,0.0,0.0,0.0,0.0,0.0,0.0,0.0,0.0,0.0,0.0,0.0,0.0,0.0,0.0,0.0,0.0,0.0,0.0,0.0,0.0
SLC,earthquake,sectorRegion_model,DDS_ HS1_R7,-3.02909145732127,0.0,0.0,0.0,0.0,0.0,0.0,0.0,0.0,0.0,0.0,0.0,0.0,0.0,0.0,0.0,0.0,0.0,0.0,0.0,0.0,0.0,0.0,0.0,0.0,0.0,0.0,0.0,0.0,0.0,0.0,0.0,0.0,0.0,0.0,-0.290810024341091,0.0,0.0,0.0,0.0,0.0,0.0,0.0,0.0,0.0,0.0,0.0,0.0,0.0,0.0,0.0,0.0,0.0,0.0,0.0,0.0,0.0,0.0,0.0,0.0,0.0,0.0,0.0,0.0,0.0,0.0,0.0,0.0,0.0,0.0,0.0,0.0,0.0,0.0,0.0
SLC,earthquake,sectorRegion_model,DDS_ HS2_R1,-0.468346599739482,0.0,0.0,0.0,0.0,0.0,0.0,0.0,0.0,0.0,0.0,0.0,0.0,0.0,0.0,0.0,0.0,0.0,0.0,0.0,0.0,0.0,0.0,0.0,0.0,0.0,0.0,0.0,0.0,-7.70063759174221e-05,0.0,0.0,0.0,0.0,0.0,0.0,-0.243223903919072,0.0,0.0,0.0,0.0,0.0,0.0,0.0,0.0,0.0,0.0,0.0,0.0,0.0,0.0,0.0,0.0,0.0,0.0,0.0,0.0,0.0,0.0,0.0,0.0,0.0,0.0,0.0,0.0,0.0,0.0,0.0,0.0,0.0,0.0,0.0,0.0,0.0,0.0
SLC,earthquake,sectorRegion_model,DDS_ HS2_R2,-3.16948919873698,0.0,0.0,0.0,0.0,0.0,0.0,0.0,0.0,0.0,0.0,0.0,0.0,0.0,0.0,0.0,0.0,0.0,0.0,0.0,0.0,0.0,0.0,0.0,0.0,0.0,0.0,0.0,0.0,0.0,-0.000315771653365,0.0,0.0,0.0,0.0,0.0,0.0,-0.244833460929353,0.0,0.0,0.0,0.0,0.0,0.0,0.0,0.0,0.0,0.0,0.0,0.0,0.0,0.0,0.0,0.0,0.0,0.0,0.0,0.0,0.0,0.0,0.0,0.0,0.0,0.0,0.0,0.0,0.0,0.0,0.0,0.0,0.0,0.0,0.0,0.0,0.0
SLC,earthquake,sectorRegion_model,DDS_ HS2_R3,-1.83290570266603,0.0,0.0,0.0,0.0,0.0,0.0,0.0,0.0,0.0,0.0,0.0,0.0,0.0,0.0,0.0,0.0,0.0,0.0,0.0,0.0,0.0,0.0,0.0,0.0,0.0,0.0,0.0,0.0,0.0,0.0,-0.0001365038490272,0.0,0.0,0.0,0.0,0.0,0.0,-0.244776149719389,0.0,0.0,0.0,0.0,0.0,0.0,0.0,0.0,0.0,0.0,0.0,0.0,0.0,0.0,0.0,0.0,0.0,0.0,0.0,0.0,0.0,0.0,0.0,0.0,0.0,0.0,0.0,0.0,0.0,0.0,0.0,0.0,0.0,0.0,0.0,0.0
SLC,earthquake,sectorRegion_model,DDS_ HS2_R4,-1.78663290911184,0.0,0.0,0.0,0.0,0.0,0.0,0.0,0.0,0.0,0.0,0.0,0.0,0.0,0.0,0.0,0.0,0.0,0.0,0.0,0.0,0.0,0.0,0.0,0.0,0.0,0.0,0.0,0.0,0.0,0.0,0.0,-0.0001821336851774,0.0,0.0,0.0,0.0,0.0,0.0,-0.231559828230366,0.0,0.0,0.0,0.0,0.0,0.0,0.0,0.0,0.0,0.0,0.0,0.0,0.0,0.0,0.0,0.0,0.0,0.0,0.0,0.0,0.0,0.0,0.0,0.0,0.0,0.0,0.0,0.0,0.0,0.0,0.0,0.0,0.0,0.0,0.0
SLC,earthquake,sectorRegion_model,DDS_ HS2_R5,-1.29212873757233,0.0,0.0,0.0,0.0,0.0,0.0,0.0,0.0,0.0,0.0,0.0,0.0,0.0,0.0,0.0,0.0,0.0,0.0,0.0,0.0,0.0,0.0,0.0,0.0,0.0,0.0,0.0,0.0,0.0,0.0,0.0,0.0,-9.41299127631897e-05,0.0,0.0,0.0,0.0,0.0,0.0,-0.196639401784612,0.0,0.0,0.0,0.0,0.0,0.0,0.0,0.0,0.0,0.0,0.0,0.0,0.0,0.0,0.0,0.0,0.0,0.0,0.0,0.0,0.0,0.0,0.0,0.0,0.0,0.0,0.0,0.0,0.0,0.0,0.0,0.0,0.0,0.0
SLC,earthquake,sectorRegion_model,DDS_ HS2_R6,-0.698766848868914,0.0,0.0,0.0,0.0,0.0,0.0,0.0,0.0,0.0,0.0,0.0,0.0,0.0,0.0,0.0,0.0,0.0,0.0,0.0,0.0,0.0,0.0,0.0,0.0,0.0,0.0,0.0,0.0,0.0,0.0,0.0,0.0,0.0,-0.0001370815027391,0.0,0.0,0.0,0.0,0.0,0.0,-0.238948633138632,0.0,0.0,0.0,0.0,0.0,0.0,0.0,0.0,0.0,0.0,0.0,0.0,0.0,0.0,0.0,0.0,0.0,0.0,0.0,0.0,0.0,0.0,0.0,0.0,0.0,0.0,0.0,0.0,0.0,0.0,0.0,0.0,0.0
SLC,earthquake,sectorRegion_model,DDS_ HS2_R7,-0.342329542471401,0.0,0.0,0.0,0.0,0.0,0.0,0.0,0.0,0.0,0.0,0.0,0.0,0.0,0.0,0.0,0.0,0.0,0.0,0.0,0.0,0.0,0.0,0.0,0.0,0.0,0.0,0.0,0.0,0.0,0.0,0.0,0.0,0.0,0.0,-0.0001852294467727,0.0,0.0,0.0,0.0,0.0,0.0,-0.288981322927279,0.0,0.0,0.0,0.0,0.0,0.0,0.0,0.0,0.0,0.0,0.0,0.0,0.0,0.0,0.0,0.0,0.0,0.0,0.0,0.0,0.0,0.0,0.0,0.0,0.0,0.0,0.0,0.0,0.0,0.0,0.0,0.0
SLC,earthquake,sectorRegion_model,DDS_ HEALTH_R1,-0.109242273999131,0.0007358627589251,-7.76923606453992e-06,0.0,0.0,0.0,0.0,0.0,9.59733435390363e-05,-1.67357735282881e-05,-2.765005679753e-05,-1.841082191766e-05,-1.51428664462656e-05,0.0,0.0,0.0004541250655867,-0.0006676391975723,0.0,0.0,0.0,0.0,0.0,0.0,0.0,0.0,0.0,-0.0004513266811743,0.0,0.0,-0.0001602533901476,-0.0002036907514232,-0.000167761045665,-0.0001673098051474,-0.0001121637867262,-0.0001827650582707,-0.0004672949174433,-9.60978277046732e-05,-0.0002116001049482,-0.0001946565771928,-0.0001312170356541,-7.36463082236134e-05,0.0,-8.33549576389966e-05,-0.374351941181995,0.0,0.0,0.0,0.0,0.0,0.0,0.0013607462433882,0.0,0.0,0.0,-7.02185928077756e-06,0.0,0.0,0.0012403743663564,0.0,0.0,0.0,0.0,0.0,0.0,-8.44973907259295e-05,0.0,-1.08207292185853e-05,0.0,0.0,0.0,0.0,0.0,0.0,0.0,0.0
SLC,earthquake,sectorRegion_model,DDS_ HEALTH_R2,3.14857688676891,-0.0022249957663262,0.0025343563528963,-0.000593939207617,-0.0011782205343669,-0.0008009153238931,0.0,-0.0010855573098064,-0.0020886664408536,-0.002795571506204,-0.0008879349813845,-0.0014588557721483,-0.0007559117915231,-0.0013527301427065,-0.0020197664595762,-0.0032914268150652,0.0303591841026763,-0.0003147207840119,-0.0409973098840167,0.257724929610304,0.0,0.0,0.0,0.0132532563809838,0.0051662419162729,-0.0085913697604624,-0.0037100441732521,0.0,0.0,-0.0087974911315129,-0.0188987369966967,-0.0044188719974603,-0.0067501201747224,-0.0037374789757857,-0.0056231048313367,-0.0105443395978169,-0.0081383641280916,-0.0188476357724845,-0.0045007761942729,-0.0065705156480126,-0.0038963082873279,-0.0056456210340282,-0.0109719716758575,-0.0064378689400391,-0.283984120060913,0.0003993325649896,-0.001126260679119,-0.0002359404228222,-0.0018456959342015,-0.0048051309523233,-0.0001963245861747,-0.0254449552701872,-0.002706577733111,-0.0466902141404376,-0.0002296152233394,-0.0011450669921754,-0.0386189641624792,-0.0025160721919312,0.0116345730357378,-0.0004481445873368,0.0009539475715939,-0.004475529223162,0.0263947831063199,0.0012277557342173,0.0012794461292824,-0.0056974216206055,-0.001768952206401,0.0,0.0034169434703757,-0.0113393475353659,0.0739667614860328,0.0,0.0,0.0,0.0
SLC,earthquake,sectorRegion_model,DDS_ HEALTH_R3,0.588830832964435,-0.0009047185367403,-0.0003923171962066,0.0007505676429906,-8.13557290103636e-05,-0.0003860748422537,0.0002842673703398,0.0,-0.0005915520697044,-0.0002255720448193,-0.0001286676654614,-0.0003234879017489,-0.0002037995708438,-0.0003645927759278,-0.000432771351855,-0.0026367532913348,0.0016498110975161,0.0072042408829814,-0.0110976078659696,0.0,0.0,0.0310292204552388,-0.0152878796256322,-0.0001429757393905,0.0038136733607639,0.0,0.0,-0.0083232194989043,0.0,-0.0030641283172626,-0.0016801964438072,-0.0031298497809473,-0.0014736599544297,-0.0009868302019561,-0.0015896647632073,-0.0032732688817502,-0.0025218540805427,-0.0016442457047794,-0.0031089796073401,-0.0014595074602601,-0.0010132099476883,-0.0015735175129554,-0.0031081050342397,-0.0008915050008804,-0.0001253955512397,-0.260304699456203,-0.0001757161231957,0.0,-0.000459228899057,0.0,-0.0004556051414129,0.0,0.0042267734379487,0.009306288057401,0.0,-0.0031982624238738,0.0,-0.0009539032021902,-0.0002610071522752,0.0022706015188754,-0.0001750130981884,0.0,0.0024643756739797,0.0,0.0,-0.0001017697815681,-0.0019771294222168,0.0006173725179487,0.0007313966937189,0.004140433610129,-0.0311241378435922,0.0,0.0,0.0,0.0
SLC,earthquake,sectorRegion_model,DDS_ HEALTH_R4,3.52392434885161,0.0,-0.0003915725915147,-0.0010062305758751,0.0012213587169145,-0.0007704881898558,0.0,0.0,-0.0007743182686021,-0.0005151002200673,-0.0004184964543221,0.0002871998540055,-0.0003899684450172,-0.0002414358003323,7.43867315777683e-05,-0.0093468662799036,-0.0053190117315278,0.0,0.0628153044152671,-0.0176034121130627,0.0406705183494898,0.0,0.0647744330736503,-0.0002518583726959,0.0,0.0,0.0,-0.0001852922260665,0.0,-0.0033744051354236,-0.0035854943358803,-0.00191893884955,-0.0071650294505673,-0.0018722148500425,-0.002336323319807,-0.0046925407063052,-0.0032952082497188,-0.0035340723199995,-0.0016866826243543,-0.0067957590819095,-0.002294288167539,-0.0025555903003176,-0.0035074402396446,-0.0054829512450136,-0.0007559766676231,-0.0001732383672598,-0.248875987771603,-0.0008111489204596,0.0,-0.004211514042661,0.0006324034706747,0.0,0.0,0.068536680551494,-0.0003223080416484,0.0,-0.0170493729802751,0.0,-0.001084167023559,-1.91851104603642e-05,0.0081557551087761,0.0,0.000156743356179,0.0,0.0,-0.0010566757596916,-0.0026488188427966,0.0159294643232586,-0.0070024266722691,0.0,-0.0798929356403002,0.0,0.0,0.0,0.0
SLC,earthquake,sectorRegion_model,DDS_ HEALTH_R5,0.959313790272185,-0.0006393364296214,-0.0003947476594224,0.0,-0.0001531631406746,0.0009157088178195,0.0011957690419566,-0.0015461692246919,-0.0005856648522545,-0.0002780722490672,-0.0002710871688669,-0.0004347532249387,0.0002651019053102,-0.0005325216554532,-0.0004965273197028,-0.0078321177851378,0.0,0.0,-0.0181455765059865,0.0,0.0127429386428067,0.0,0.0,-0.0001432744249262,-0.0016592596828569,-0.0044049221101956,0.0032551242461775,-0.0011595946652515,0.0,-0.002442862734017,-0.0018983345601406,-0.0014484755268287,-0.001694861440233,-0.0026673858543668,-0.0022223757580735,-0.0043825721006284,-0.0024834670310926,-0.0019213783345998,-0.001386658404623,-0.001787636280429,-0.0026772830090125,-0.0019575129420702,-0.0035349623564177,-0.0006870902210968,-0.0006819556315743,0.0,-0.0002110899510694,-0.240250463341481,0.0002502384823871,-0.0008660993832938,4.81853721107468e-05,0.0238744176598747,0.0,-0.0372032761493002,0.0039285881308422,0.0,0.0,-0.0005853947316157,-0.0005130280014539,0.0,0.0,0.0039953480567944,0.0,0.0,-0.0006135133124486,-0.0001283850941687,-0.000130868214094,0.0,0.0,-0.0008989148584287,0.0635021121603378,0.0,0.0,0.0,0.0
SLC,earthquake,sectorRegion_model,DDS_ HEALTH_R6,0.151564886602713,-0.0002104316821866,-0.0001351264769422,-8.71714397029764e-05,0.0,0.0,0.000370049441974,0.0,-0.0002685088277004,-0.000133447592131,-0.000176426990921,-0.0001447557392175,-0.0001350094629249,0.0003784661181984,-0.0005895803925189,-0.0002659047811267,0.0,0.0,0.0,0.0,0.0,0.0,-0.004525949143825,-2.33461964950683e-05,0.0,0.0,0.0,0.0050650777067081,0.0370077237635571,-0.0012182644984052,-0.0007795330644256,-0.0008285515069133,-0.000684802230034,-0.0006676688675576,-0.0019320493560741,-0.0032253979986213,-0.0011409064486378,-0.0007860686016453,-0.0008570880716473,-0.0006833810950143,-0.00065536953882,-0.0017106303856007,-0.003242972068371,0.0,-0.0001402003100366,0.0,-0.0001018791051177,-5.62247090827763e-05,-0.232077033062086,0.0,-0.000119755837593,0.0,0.0,0.0,-8.96520615797298e-05,0.0017882037001907,-0.0202456969948741,-6.91920269183886e-05,-0.0001231402268629,-0.0001681279250343,0.0,0.0,0.00143335644029,0.0,0.0,-0.0004347263324377,0.0,0.0,0.0,-0.0018730241144746,0.0,0.0,0.0,0.0,0.0
SLC,earthquake,sectorRegion_model,DDS_ HEALTH_R7,-0.27114288473276,0.0,-5.95485730969222e-05,0.0,0.0,0.0,0.0,0.0022089456835558,-0.0001699350363014,-7.42254310117177e-05,-9.03521860787415e-05,-8.85753401639808e-05,-6.85324935085201e-05,-0.0001850774515554,0.0020405408972473,0.0,0.0,0.0,0.0,0.0,0.0,-0.0366162257310089,0.0,-1.29680161695525e-05,0.0,0.0,0.0,0.0,0.005884846611555,-0.0006825704980341,-0.000406679264029,-0.0004171700682156,-0.0003412584615835,-0.0002902155081286,-0.0007630703980084,-0.0034562503041073,-0.0005212929670704,-0.0003973966609251,-0.0003746045194922,-0.0003157441585821,-0.0002418259658833,-0.0007316139333411,-0.0032303426305373,0.0,0.0,0.0,-4.13977321593225e-05,-9.63528893137238e-05,0.0,-0.241550793832324,0.0,0.0,0.0,0.0,0.0,0.0,0.0,-0.0002388300212801,0.0,0.0,0.0,0.0,0.0,0.0102996361885125,0.0,0.0,0.0,0.0,0.0,0.0,0.0,0.0,0.0,0.0,0.0
SLC,earthquake,sectorRegion_model,DDS_ MANU_R1,1.8417904546124,0.0022125818620917,-0.0003119166038787,-0.0007447261720733,0.0,-0.0004774234417968,0.0034822985365321,-0.0087215489989869,0.0001851129898486,-0.0002137389926366,-0.0003140987996592,-0.0002823540761981,-0.0002486387569211,-0.0004394125831109,-0.0014168742906084,0.0265463127192378,-0.0005679401420546,0.0,0.0470011597968076,0.0,0.0176920004670214,-0.60427771011717,-0.0066930605738991,-0.0003365734405296,0.0043304760124379,-0.0004482745918888,0.0,-0.0080812639928031,-0.189162222370277,0.0012068472431102,-0.0019719851916693,-0.0019078287464935,-0.0016740026120322,-0.0010189199431972,-0.0017704492265753,-0.0039223367378324,0.0011502810056587,-0.0019875819144296,-0.0018155533492453,-0.0014202820512484,-0.0008516095617937,-0.0017285384876536,-0.002938021757778,0.0320435444370794,-0.0004712028952861,0.0,-0.0002350363543013,-6.38818996921955e-06,0.0,0.0,-0.308635136255779,0.0,-0.0002527215800355,-0.0535531295573958,0.0002304000496383,0.0,0.0350549719249822,0.0095182089601882,-0.000388259099105,-0.0007270189123589,0.003113439145354,0.0,0.0,0.0057975028213248,-0.0052631894238031,-0.0002127251544107,-0.0020312263889067,-0.0124887530755523,2.17763207361861e-05,0.0,0.0,0.0,0.0,0.0,0.0
SLC,earthquake,sectorRegion_model,DDS_ MANU_R2,-0.596077255986716,-0.0002405308532602,1.40014974587761e-05,-1.70739032151041e-05,-8.80199705112282e-05,-3.16231597955338e-05,0.0,0.0,-0.0003465653912022,-0.0002626319986895,-0.0001294745118276,-0.0001802237132927,-0.0001193374180926,-0.0001516502299085,-0.0002782214204756,0.0,0.0,0.0,0.0,0.0,0.0,0.0,0.0,0.001947384479391,0.0,0.0,0.0,0.0,0.0,-0.0015505510320301,-0.0001394496536343,-0.0007647810519521,-0.0011748981573171,-0.0006603872984129,-0.0009835840368439,-0.00188927997969,-0.0014470476643313,-0.0001422943308955,-0.0007355714866123,-0.0011247908394618,-0.0006089502758017,-0.000887562901313,-0.0017294378524364,0.0,0.0023459729388911,0.0,-9.66759426066516e-05,-0.0001311929318461,-5.54016433260993e-05,0.0,-3.83453245361156e-05,-0.283636349869948,0.0,0.0,0.0,0.0,0.0,-0.000181104910996,0.0021774720792622,0.0,0.0,0.0,0.0,0.0,-1.42071613804738e-05,-0.0024516939852288,0.0,0.0,0.0,0.0,0.0,0.0,0.0,0.0,0.0
SLC,earthquake,sectorRegion_model,DDS_ MANU_R3,0.517108377493763,-0.0014154526203258,-0.0005517084061862,0.0007022521807227,-0.0003101706563372,-0.0003543316400332,0.0,-0.0011606580636554,-0.0013273272732717,-0.0004751420137588,0.0004196942289867,-0.000673498734523,-0.0004223647246682,-0.0006490932319573,-0.0016473386997661,0.0,-3.91329339688899e-05,0.0035680917184069,-0.0009194434080993,-0.0529581559178023,0.0,0.0,-0.0034980712049496,-0.0003834114348878,0.0088561244000348,0.0,-0.000272068188549,0.0,0.0,-0.0062811937383417,-0.0034889713077749,0.000481682137955,-0.0031567626367953,-0.0020765962284105,-0.0034322693561923,-0.0075167351281999,-0.0061383291681654,-0.0034938913367275,0.0004327917542909,-0.0030388041474919,-0.0019869174336288,-0.0034894966672579,-0.0073616123906346,-0.0015990355189332,-0.0004909174520732,0.0092191214262659,-0.0004746032687913,-0.0004330232737353,-0.0003824900491222,-0.0016303054263744,-0.0006894306096017,-0.007706397286962,-0.266271285815209,-0.002203296642386,-2.1971986397567e-05,0.0,-0.0031706746061063,-0.0013178558944851,-0.000375767581214,0.0052455355637591,0.0,0.0,-0.0008357379251062,-2.71475385661722e-05,1.65076465414668e-05,-0.0007431996442421,-0.0098345911882549,-0.000914751714201,0.001060347516199,-0.0016132170501814,0.0,0.0,0.0,0.0,0.0
SLC,earthquake,sectorRegion_model,DDS_ MANU_R4,-0.460114506815872,0.0,-2.7529574480554e-05,0.0,0.0,0.0,0.0,0.0,-4.68421474453756e-05,-3.00144466057878e-05,-2.7407234230134e-05,9.15391545860604e-05,-1.6973034436434e-05,-5.31200610247967e-06,-3.36145595973936e-05,0.0,0.0,0.0,0.0,0.0,0.0,0.0,0.0,-1.08177932000535e-06,0.0,0.0,0.0,0.0,0.0,-0.0002862908374795,-0.0003125189981478,-0.0001846298477708,1.78945273861603e-05,-0.0001657459885938,-0.0002136167487466,-0.0003917610841636,-0.000172612886097,-0.0003104122191979,-0.0001555807627979,0.0,-0.0001206787588005,-0.0001488651800546,-0.0002566274411537,0.0,0.0,0.0,0.000738147474203,0.0,0.0,0.0,0.0,0.0,0.0,-0.296664085093155,0.0,0.0,0.0,0.0,0.0,0.0,0.0009266009811051,0.0,0.0,0.0,0.0,0.0,0.0,0.0,0.0,0.0,0.0,0.0,0.0,0.0,0.0
SLC,earthquake,sectorRegion_model,DDS_ MANU_R5,2.76395657256832,0.0,-3.85709150152028e-05,-0.0006179269337742,0.0,0.0004326938710476,0.0030094451623307,0.0,-0.0004166729708067,-0.0002617041912782,-0.0002260215557054,-0.0002756716165111,0.0005983632689751,-0.0004206908425783,0.0,0.0015405352999501,0.0116635838834432,-0.0012814600698142,0.0,0.0,0.0,-0.216332358780508,-0.0544744074191729,0.0,0.0,-0.0157365444951982,0.0,-0.0084735745771299,0.0,-0.002522691235194,-0.0021811993271798,-0.0014090887616215,-0.0018907157992168,8.16990732899039e-05,-0.0024618939366472,-0.0046328952386544,-0.0020589703279978,-0.0021569432945705,-0.001319565739338,-0.0017962515040432,0.0001763831891815,-0.0017918425764319,-0.0048105159001371,0.0,-0.0002978249915402,0.0,0.0,0.0026493241500377,-0.0002651454677474,-0.0014562278321279,0.0,0.0,-0.0001649764296204,-0.0001382415311721,-0.257832809795749,-0.0058518297094213,0.0088334397227241,0.0,0.0,-0.0007447815869592,0.0,0.0100068237182498,0.0,0.0293693693337783,-0.0015596986270982,0.0,-0.0009848845126026,0.0,-0.0003709007879742,0.0,-0.0339006025630947,0.0,0.0,0.0,0.0
SLC,earthquake,sectorRegion_model,DDS_ MANU_R6,-0.55427921638358,-0.0001258925019888,-0.0001001304180282,-1.07259325162118e-05,-1.20652897622191e-05,-4.71327718501919e-06,0.0,0.0,-0.0002536247966166,-9.91291375976386e-05,-0.0001218993687833,-0.0001201420636984,-9.31910019786728e-05,0.0003938883842038,-0.0003770933944531,0.0,0.0,0.0,0.0,0.0,0.0,0.0,0.0,-4.46925933289264e-05,0.0,0.0,0.0,0.0,0.0,-0.0010321593260272,-0.0006523830675775,-0.0006860245560643,-0.0005901546923415,-0.0005631395942287,0.0005335980382726,-0.0028233014103488,-0.000949594649474,-0.0006431047753847,-0.0006680578331982,-0.0005497811323614,-0.0005180901716829,0.0004786169158708,-0.0025602685735765,0.0,0.0,0.0,-5.45646001180511e-05,-3.69862346210946e-05,0.0043766721013401,0.0,0.0,0.0,0.0,0.0,0.0,-0.223802404927117,0.0,-0.0002313666726483,-2.60566328447635e-06,-6.04536421244674e-05,0.0,0.0,0.0,0.0,0.0,0.0,0.0,0.0,0.0,-0.0030026081302703,0.0,0.0,0.0,0.0,0.0
SLC,earthquake,sectorRegion_model,DDS_ MANU_R7,-0.631194813828041,-4.0628917789911e-05,-4.63119956500597e-05,0.0,0.0,0.0,0.0,0.0023487749265983,-0.0001365074421999,-5.27776425678907e-05,-6.59154377852108e-05,-4.69418194480566e-05,-4.30819673348987e-05,-7.87027269183854e-05,0.0017352653291484,0.0,0.0,0.0,0.0,0.0,0.0,0.0,0.0,-2.80352447359332e-05,0.0,0.0,0.0,0.0,0.0,-0.0006115943107382,-0.0003422211063407,-0.0003765418520136,-0.0002982732363158,-0.0002440183247676,-0.0006394606015808,-0.0007871247993686,-0.0005307335129571,-0.0003385421241561,-0.000349035757693,-0.0002557948740431,-0.0001858885907099,-0.0005727852372912,-0.000617686496873,0.0,0.0,0.0,0.0,0.0,0.0,0.0057526750270669,0.0,0.0,0.0,0.0,0.0,0.0,-0.255715915072979,-4.04347387402106e-06,0.0,-1.8905378190829e-06,0.0,0.0,0.0,0.0145795577291849,0.0,0.0,0.0,0.0,0.0,0.0,0.0,0.0,0.0,0.0,0.0
SLC,earthquake,sectorRegion_model,DDS_ RELIG_R1,0.187243569168908,0.0,-1.19941476604948e-05,0.0,-4.89484001947044e-05,-1.78564579668399e-05,0.0,0.0,5.54917050094618e-05,-4.5812698153267e-06,0.0,-2.17187608120967e-05,0.0,0.0,-5.05628149384374e-05,0.0,0.0,0.0,0.0,0.0,-0.000353508586765,0.0,-0.0018714002460462,0.0,0.0,0.0,0.0,0.0,0.0,-0.0002718259382113,-3.01631176761337e-05,-3.55834635086479e-05,-3.4708731851963e-05,-2.48412731696685e-05,-2.44453876640861e-05,-0.0001177098093678,-0.0003748927738336,-7.72215859208602e-06,-4.1658548860294e-05,-4.95495264660922e-07,0.0,1.3110166468612e-05,0.0,1.86177669337657e-05,0.0,0.0,0.0,0.0,0.0,-0.0003076177968645,0.0001984402330589,0.0,0.0,0.0,0.0,0.0,0.0002213514544709,-0.189968191641242,0.0,0.0,-0.0008110814102403,0.0,0.0,-0.000426409332617,0.0,0.0001839748370721,-4.79018527097494e-05,0.0,0.0,0.0,0.0,0.0,0.0,0.0,0.0
SLC,earthquake,sectorRegion_model,DDS_ RELIG_R2,0.840631988480372,0.0001179572650665,0.0,0.0,0.0,0.0,0.0,0.0,-8.99048703239677e-05,-1.15311212176118e-05,-2.53777031591942e-05,-2.76998862201488e-05,-6.91226201484523e-05,0.0,-0.000120831555018,0.0,0.0,0.0001216943888968,0.0,0.0,0.0,-0.0031548519161011,0.0,0.0002295634896843,0.0007600706184556,0.0,0.0,0.0,0.0,-0.0003079437535167,-0.001166991202486,-0.0001780559630848,-0.0002795265877882,-0.0001473119554866,-0.0001867119380909,-0.0002968596182538,-0.00036845701512,-0.0011142625459396,-0.000150692895928,-6.8214715729548e-05,0.0,0.0,-5.15576532102952e-06,0.0,0.0001102544494704,0.0,0.0,0.0001414668457712,0.0,0.0,4.47298612891338e-06,0.0,6.04501717488923e-05,0.0,0.0,0.0,0.0,0.0,-0.217960196789791,0.0,0.0,0.0,0.0,0.0056213486166594,0.0,0.0,0.0,0.0,0.0,0.0,0.0,0.0,0.0,0.0,0.0
SLC,earthquake,sectorRegion_model,DDS_ RELIG_R3,0.140144418578207,-2.96926976747447e-05,0.0,0.0,0.0,0.0,0.0,0.0,0.0,-4.8479359029753e-06,2.17403479466766e-05,0.0,0.0,0.0,0.0,0.0,0.0,0.0,0.0,0.0,0.0,0.0,0.0,3.4782202414292e-06,0.0,0.0,0.0,0.0,0.0,-9.0458518764344e-05,-6.21036894588525e-05,-0.0001647741710791,-5.14698070080363e-05,-2.61756249206324e-05,-3.81494952560787e-05,-0.0001031067530227,0.0,-6.75491724180942e-05,-0.0001301323053837,-3.80670435277614e-05,6.93114811640872e-07,0.0,0.0,-0.0004539975169365,0.0,0.0,0.0,0.0,-4.19454024473368e-05,0.0,-0.0001788191588865,0.0,0.0,0.0,-1.4624581944704e-06,0.0,-0.0025529922608007,0.0,0.0,-0.172146923792599,0.0,0.0,0.0,0.0,0.0,0.0,0.0001575879019407,0.0,0.0,0.0,0.0,0.0,0.0,0.0,0.0
SLC,earthquake,sectorRegion_model,DDS_ RELIG_R4,-0.15022873530684,0.0,-1.52479501885251e-05,0.0,0.0,-1.94681118723062e-05,0.0,0.0,0.0,-1.47048121906386e-05,-1.22610280111914e-05,6.05276624079909e-05,-1.15024674662755e-05,0.0,0.0,0.0,0.0,0.0,0.0046266340429522,0.0,0.0,0.0,0.0,0.0,0.0,0.0,0.0,0.0,0.0,-0.0001015935904153,-0.0001200229841361,-7.10016242718899e-05,-0.0003811827090508,-6.80519789620005e-05,-6.85249010659443e-05,-0.0001391604259758,0.0,-0.0001335222640839,-4.89082083631197e-05,-0.0003520862290374,-7.9355595663527e-06,0.0,0.0,0.0,0.0,0.0,0.0003033637295932,0.0,0.0,0.0,0.0,0.0,0.0,0.0,-5.42529974839449e-06,0.0,0.0,0.0,0.0,0.0,-0.225154195147424,0.0,0.0,0.0,0.0,0.0,0.0,0.0,0.0,0.0,0.0,0.0,0.0,0.0,0.0
SLC,earthquake,sectorRegion_model,DDS_ RELIG_R5,-0.0972852354149357,0.0,0.0,0.0,0.0,0.000175233571973,0.0,0.0,-2.99301631516261e-05,-2.50462344255769e-05,-1.9063170997754e-05,-3.07058876449627e-05,7.55977344264673e-05,-1.73584164442475e-05,-1.92614166341221e-06,0.0,0.0,0.0,0.0,0.0,0.0030539919910661,0.0,5.60766968659227e-05,0.0,0.0,0.0,0.0,0.0004652223781125,0.0,-0.0001620671744482,-0.0001514786657103,-0.0001451247148179,-0.000137188468269,-0.0003486473051477,-0.0001807627017764,-0.0003100089218777,0.0,-0.0001508734526352,-0.0001023113343943,-7.52801957212309e-05,-0.0002935787392056,-4.4895965331704e-05,-9.11512115927466e-05,0.0,0.0,0.0,0.0,0.0002861617010449,0.0,0.0,0.0,-0.001000302184135,0.0,0.0,0.0003618087682757,0.0,0.0,0.0,0.0,-1.73242293591653e-05,0.0,-0.217185346561661,0.0,0.0,0.0,0.0,0.0,-0.0003749034049236,0.0,0.0,0.0,0.0,0.0,0.0,0.0
SLC,earthquake,sectorRegion_model,DDS_ RELIG_R6,-0.428898969867492,0.0,0.0,0.0,0.0,0.0,0.0,0.0,-1.04712641927877e-05,-6.93188499972466e-06,-8.3217143415462e-06,0.0,-1.54180610612415e-07,4.86898826614263e-05,0.0,0.0,0.0,0.0,0.0,0.0,0.0,0.0,0.0,0.0,0.0,0.0,0.0,0.0,0.0,-8.93777021200652e-05,-7.35601583285028e-05,-5.69717895627883e-05,-6.37678181376182e-05,-5.5864125678951e-05,-0.0002926951787673,-0.000265200803775,-2.2124349200412e-05,-6.6563955529672e-05,-2.75189375479807e-05,-3.80090155972796e-05,-1.79321558991655e-05,-0.0002214844226965,-0.0001330372082376,0.0,0.0,0.0,0.0,0.0,0.000197490955258,0.0,0.0,0.0,0.0,0.0,0.0,0.0,0.0,0.0,0.0,0.0,0.0,0.0,-0.181002636471711,0.0,0.0,0.0,0.0,0.0,0.0,0.0,0.0,0.0,0.0,0.0,0.0
SLC,earthquake,sectorRegion_model,DDS_ RELIG_R7,-0.163920629785635,0.0,0.0,0.0,0.0,0.0,0.0,0.0,0.0,0.0,0.0,0.0,0.0,0.0,0.0,0.0,0.0,0.0,0.0,0.0,0.0,0.0,0.0,0.0,0.0,0.0,0.0,0.0,0.0,0.0,0.0,0.0,0.0,0.0,0.0,0.0,0.0,0.0,0.0,0.0,0.0,0.0,0.0,0.0,0.0,0.0,0.0,0.0,0.0,0.0,0.0,0.0,0.0,0.0,0.0,0.0,0.0,0.0,0.0,0.0,0.0,0.0,0.0,-0.21622464270719,0.0,0.0,0.0,0.0,0.0,0.0,0.0,0.0,0.0,0.0,0.0
SLC,earthquake,sectorRegion_model,DDS_ UTIL_R1,0.0799344077863283,-0.0006838149795361,-4.69725839051195e-05,0.0,0.0,0.0,0.0,0.0,0.0002997724347231,-5.3768954969219e-05,-5.62537515697527e-05,-2.79595234252484e-05,-3.29280265962219e-05,-2.96694049347534e-05,-0.0001577765067052,0.0,-0.0006739816636236,0.0,0.0,0.0,0.0,0.0,0.0,0.0,0.0,0.0,0.0002394268465435,0.0,0.0,0.0005471006499734,-0.0003538637807476,-0.0002342556750865,-0.0002885741647818,-0.0001929468158315,-0.0003722300217523,-0.0009821939720749,0.000364263106196,-0.0003394335187016,-0.0002233301645196,-0.0002461916577856,-0.0001742983761602,-0.0003638674315455,-0.0008948632202758,0.0050747144899058,-7.23180696367515e-05,0.0,0.0,-4.59747483568421e-05,0.0,0.0,0.000278885635474,0.0,0.000103319758072,0.0,0.0,0.0,0.0,0.0028523017704087,0.0,0.0,0.0,0.0,0.0,0.0,-0.301302705375729,0.0,0.0,0.0,0.0,0.0,0.0,0.0,0.0,0.0,0.0
SLC,earthquake,sectorRegion_model,DDS_ UTIL_R2,0.816664104117979,0.0,-9.92765821982416e-05,0.0,0.0,6.19015677149397e-06,0.0,0.0045401904944598,0.0,-5.14684764868025e-05,-5.22710591484559e-06,0.0,0.0,0.0,0.0,0.0,0.0,0.0,0.0,0.0,0.0,0.0,-0.0009694933609923,-0.000498347048203,0.0,0.0,0.0,0.0,0.0366181059526303,-0.0001103738139131,0.0,-5.60942078962458e-05,-4.35460358058699e-05,-4.23163165771049e-05,-5.57936141221649e-05,-0.0001162992500427,0.0,0.0,0.0,0.0,0.0,0.0,0.0,0.0,0.0,0.0,-0.0001365456923069,-5.20654412804737e-05,0.0,0.0,0.0,0.0,-0.0008466836608734,0.0,0.0,0.0,0.0,-1.1579385864789e-05,0.0,0.0,0.0,0.0,0.0,0.0,-2.38396527485024e-05,-0.278610548623518,0.0,0.0,0.0,0.0,0.0,0.0,0.0,0.0,0.0
SLC,earthquake,sectorRegion_model,DDS_ UTIL_R3,0.171011271006334,0.0,-5.97574838059545e-06,0.0,0.0,-1.0556473203237e-05,0.0,0.0,-6.21952227641827e-06,-1.11450591027053e-05,-6.31187517122377e-05,-1.73952387129059e-07,-1.48609116551288e-05,-4.33422682793591e-05,2.55885332540075e-05,0.0,0.0,0.0001826422354505,0.0,0.0,-0.00180451485862,0.110467877263717,0.0,0.0,0.0,0.0,0.0,-0.0014105295566109,-0.0120794902963547,-0.0001646258795273,-0.0001192304468582,-4.20418607367243e-05,-9.3151680886613e-05,-6.12313169620894e-05,-9.99761555883969e-05,-0.000195826069362,0.0,-0.0001063723799038,-7.55766377558158e-05,-6.93792718392881e-05,-8.61169118292979e-06,-6.49347651644918e-06,0.0,0.0,-1.07915195276121e-06,0.0,0.0,-2.80052017393185e-05,0.0,0.0,0.0,-0.0064477993538581,0.0001538804486596,0.0,0.0,0.0009818217809129,0.0,0.0,0.0,8.21557751881507e-05,0.0,0.0,0.0,0.0,0.0,0.0,-0.255665445809577,2.92370230384419e-06,0.0,0.0,0.0,0.0,0.0,0.0,0.0
SLC,earthquake,sectorRegion_model,DDS_ UTIL_R4,-0.119095502971551,0.0,0.0,0.0,0.0,0.0,0.0,0.0,0.0,0.0,-2.63928323445581e-06,0.0,0.0,0.0,0.0,0.0,0.0,0.0,0.0,0.0,0.0,0.0,0.0,0.0,0.0,0.0,0.0,0.0,0.0,-3.25744867381956e-05,-4.36701925578826e-05,-3.01877858149766e-05,4.56896880305362e-06,-2.3016174491903e-05,-1.50922145639249e-05,-3.86413040711811e-05,0.0,-2.97269798532993e-05,0.0,0.0,0.0,0.0,-1.98784361703118e-05,0.0,0.0,0.0,7.55721446540145e-05,0.0,0.0,0.0,0.0,0.0,0.0,0.0,0.0,0.0,0.0,0.0,0.0,0.0,0.0,0.0,0.0,0.0,0.0,0.0,0.0,-0.29034209570524,0.0,0.0,0.0,0.0,0.0,0.0,0.0
SLC,earthquake,sectorRegion_model,DDS_ UTIL_R5,-0.152111937741804,0.0,0.0,0.0,0.0,0.0,0.0,-0.0001120102709718,0.0,-5.98683572924207e-06,-1.32757824642453e-06,0.0,0.0,0.0,0.0,0.0,0.0,0.0,0.0,0.0,0.0,0.0,0.0,0.0,0.0,0.0,0.0,0.0,0.0,-4.17326435364278e-05,-4.71577941770101e-05,-4.43972977394891e-05,-3.84453524304598e-05,8.10462528232371e-06,-6.07289857459001e-05,-0.0001166952435544,0.0,-4.80157492547924e-05,-1.88599544096241e-05,-3.64458768451174e-05,0.0,0.0,0.0,0.0,0.0,0.0,0.0,5.52011806165714e-05,0.0,0.0,0.0,0.0,0.0,0.0,-2.43970577414481e-05,0.0,0.0,0.0,0.0,0.0,0.0,0.0,0.0,0.0,0.0,0.0,0.0,0.0,-0.256350122712528,0.0,0.0,0.0,0.0,0.0,0.0
SLC,earthquake,sectorRegion_model,DDS_ UTIL_R6,-0.239130188345033,0.0,-2.68663774614515e-06,0.0,0.0,0.0,0.0,0.0,0.0,-4.75216983590664e-06,-6.59322685464583e-06,0.0,0.0,-1.51302083160616e-05,0.0,0.0,0.0,0.0,0.0,0.0,0.0,0.0,0.0,0.0,0.0,0.0,0.0,0.0,0.0,-5.19855338489338e-05,-3.11834019813883e-05,-4.19761611367183e-05,-2.75220011978389e-05,-3.48823219427477e-05,2.20987886110663e-08,-0.0001704171801544,0.0,-1.55291734571531e-05,-4.60697993792345e-06,-1.46025166789452e-05,0.0,0.0,0.0,0.0,0.0,0.0,0.0,0.0,0.0001009649874668,0.0,0.0,0.0,0.0,0.0,0.0,0.0,0.0,0.0,0.0,0.0,0.0,0.0,0.0,0.0,0.0,0.0,0.0,0.0,0.0,-0.213091290914719,0.0,0.0,0.0,0.0,0.0
SLC,earthquake,sectorRegion_model,DDS_ UTIL_R7,-0.157730514764372,0.0,0.0,0.0,0.0,0.0,0.0,0.0,0.0,0.0,0.0,0.0,0.0,0.0,0.0,0.0,0.0,0.0,0.0,0.0,0.0,0.0,0.0,0.0,0.0,0.0,0.0,0.0,0.0,0.0,-9.65420333157466e-07,-2.19672730890169e-06,0.0,-6.14907591776909e-08,-1.29182218687796e-06,-6.39461580920755e-06,0.0,0.0,0.0,0.0,0.0,0.0,0.0,0.0,0.0,0.0,0.0,0.0,0.0,0.0,0.0,0.0,0.0,0.0,0.0,0.0,0.0,0.0,0.0,0.0,0.0,0.0,0.0,0.0,0.0,0.0,0.0,0.0,0.0,0.0,-0.142662586819711,0.0,0.0,0.0,0.0
SLC,earthquake,sectorRegion_model,DDS_ AG_MI_R1,0.0,0.0,0.0,0.0,0.0,0.0,0.0,0.0,0.0,0.0,0.0,0.0,0.0,0.0,0.0,0.0,0.0,0.0,0.0,0.0,0.0,0.0,0.0,0.0,0.0,0.0,0.0,0.0,0.0,0.0,0.0,0.0,0.0,0.0,0.0,0.0,0.0,0.0,0.0,0.0,0.0,0.0,0.0,0.0,0.0,0.0,0.0,0.0,0.0,0.0,0.0,0.0,0.0,0.0,0.0,0.0,0.0,0.0,0.0,0.0,0.0,0.0,0.0,0.0,0.0,0.0,0.0,0.0,0.0,0.0,0.0,0.0,0.0,0.0,0.0
SLC,earthquake,sectorRegion_model,DDS_ AG_MI_R2,0.0,0.0,0.0,0.0,0.0,0.0,0.0,0.0,0.0,0.0,0.0,0.0,0.0,0.0,0.0,0.0,0.0,0.0,0.0,0.0,0.0,0.0,0.0,0.0,0.0,0.0,0.0,0.0,0.0,0.0,0.0,0.0,0.0,0.0,0.0,0.0,0.0,0.0,0.0,0.0,0.0,0.0,0.0,0.0,0.0,0.0,0.0,0.0,0.0,0.0,0.0,0.0,0.0,0.0,0.0,0.0,0.0,0.0,0.0,0.0,0.0,0.0,0.0,0.0,0.0,0.0,0.0,0.0,0.0,0.0,0.0,0.0,0.0,0.0,0.0
SLC,earthquake,sectorRegion_model,DDS_ AG_MI_R3,0.0,0.0,0.0,0.0,0.0,0.0,0.0,0.0,0.0,0.0,0.0,0.0,0.0,0.0,0.0,0.0,0.0,0.0,0.0,0.0,0.0,0.0,0.0,0.0,0.0,0.0,0.0,0.0,0.0,0.0,0.0,0.0,0.0,0.0,0.0,0.0,0.0,0.0,0.0,0.0,0.0,0.0,0.0,0.0,0.0,0.0,0.0,0.0,0.0,0.0,0.0,0.0,0.0,0.0,0.0,0.0,0.0,0.0,0.0,0.0,0.0,0.0,0.0,0.0,0.0,0.0,0.0,0.0,0.0,0.0,0.0,0.0,0.0,0.0,0.0
SLC,earthquake,sectorRegion_model,DDS_ AG_MI_R4,0.0,0.0,0.0,0.0,0.0,0.0,0.0,0.0,0.0,0.0,0.0,0.0,0.0,0.0,0.0,0.0,0.0,0.0,0.0,0.0,0.0,0.0,0.0,0.0,0.0,0.0,0.0,0.0,0.0,0.0,0.0,0.0,0.0,0.0,0.0,0.0,0.0,0.0,0.0,0.0,0.0,0.0,0.0,0.0,0.0,0.0,0.0,0.0,0.0,0.0,0.0,0.0,0.0,0.0,0.0,0.0,0.0,0.0,0.0,0.0,0.0,0.0,0.0,0.0,0.0,0.0,0.0,0.0,0.0,0.0,0.0,0.0,0.0,0.0,0.0
SLC,earthquake,sectorRegion_model,DDS_ AG_MI_R5,0.0,0.0,0.0,0.0,0.0,0.0,0.0,0.0,0.0,0.0,0.0,0.0,0.0,0.0,0.0,0.0,0.0,0.0,0.0,0.0,0.0,0.0,0.0,0.0,0.0,0.0,0.0,0.0,0.0,0.0,0.0,0.0,0.0,0.0,0.0,0.0,0.0,0.0,0.0,0.0,0.0,0.0,0.0,0.0,0.0,0.0,0.0,0.0,0.0,0.0,0.0,0.0,0.0,0.0,0.0,0.0,0.0,0.0,0.0,0.0,0.0,0.0,0.0,0.0,0.0,0.0,0.0,0.0,0.0,0.0,0.0,0.0,0.0,0.0,0.0
SLC,earthquake,sectorRegion_model,DDS_ AG_MI_R6,0.0,0.0,0.0,0.0,0.0,0.0,0.0,0.0,0.0,0.0,0.0,0.0,0.0,0.0,0.0,0.0,0.0,0.0,0.0,0.0,0.0,0.0,0.0,0.0,0.0,0.0,0.0,0.0,0.0,0.0,0.0,0.0,0.0,0.0,0.0,0.0,0.0,0.0,0.0,0.0,0.0,0.0,0.0,0.0,0.0,0.0,0.0,0.0,0.0,0.0,0.0,0.0,0.0,0.0,0.0,0.0,0.0,0.0,0.0,0.0,0.0,0.0,0.0,0.0,0.0,0.0,0.0,0.0,0.0,0.0,0.0,0.0,0.0,0.0,0.0
SLC,earthquake,sectorRegion_model,DDS_ AG_MI_R7,0.0,0.0,0.0,0.0,0.0,0.0,0.0,0.0,0.0,0.0,0.0,0.0,0.0,0.0,0.0,0.0,0.0,0.0,0.0,0.0,0.0,0.0,0.0,0.0,0.0,0.0,0.0,0.0,0.0,0.0,0.0,0.0,0.0,0.0,0.0,0.0,0.0,0.0,0.0,0.0,0.0,0.0,0.0,0.0,0.0,0.0,0.0,0.0,0.0,0.0,0.0,0.0,0.0,0.0,0.0,0.0,0.0,0.0,0.0,0.0,0.0,0.0,0.0,0.0,0.0,0.0,0.0,0.0,0.0,0.0,0.0,0.0,0.0,0.0,0.0
