Structure ID,Detail Network Node ID 1,Skeletonized Network Node ID 2
41007000000020005S,,
41007000000020009S,,
41007020802001001S,,
41007020853008001S,,
41007020853008002S,,
41007020853008003S,,
41007020853008004S,,
41007020853008005S,,
41007020853008006S,,
41007020853008007S,,
41007020853008008S,,
41007020864002001S,,
41007020864002002S,,
41007020879001001S,,
41007020880001001S,,
41007020933038001S,227,22
41007020933038002S,227,22
41007020933038003S,227,22
41007020933038004S,227,22
41007020933038005S,227,22
41007020933038006S,227,22
41007020933038007S,227,22
41007020933038008S,227,22
41007020933038009S,227,22
41007020933038010S,227,22
41007020933038011S,227,22
41007020933038012S,227,22
41007020933038013S,227,22
41007020933038014S,227,22
41007020933038015S,227,22
41007020933038016S,227,22
41007020933038017S,227,22
41007020933038018S,227,22
41007020933038019S,227,22
41007020933038020S,227,22
41007020933038021S,227,22
41007020933038022S,227,22
41007020933038023S,227,22
41007020933038024S,227,22
41007020933038025S,227,22
41007020933038026S,227,22
41007020933038027S,227,22
41007020933038028S,227,22
41007020933038029S,227,22
41007020933038030S,227,22
41007020933038031S,227,22
41007020933038032S,227,22
41007020933038033S,227,22
41007020933038034S,227,22
41007020933038035S,227,22
41007020933038036S,227,22
41007020933038037S,227,22
41007020933038038S,227,22
41007020952001001S,19,6
41007020953001001S,19,6
41007020956001001S,,
41007020959001001S,19,6
41007020960001001S,207,49
41007020961001001S,227,51
41007020964001001S,19,6
41007020966001001S,207,49
41007020968001001S,227,50
41007020969001001S,227,50
41007020970001001S,,
41007020971001001S,19,6
41007020972001001S,,
41007020973001001S,19,6
41007020974001001S,,
41007020975001001S,,
41007020976001001S,,
41007020977001001S,,
41007020978001001S,,
41007020979001001S,227,50
41007020980001001S,,
41007020981001001S,,
41007020982001001S,,
41007020990001001S,227,50
41007020991001001S,227,50
41007020993001001S,19,6
41007020994001001S,19,6
41007020995001001S,19,6
41007020997001001S,19,6
41007020998001001S,19,6
41007021000001001S,19,6
41007021001001001S,19,6
41007021002001001S,19,6
41007021004001001S,227,50
41007021006001001S,19,6
41007021007001001S,19,6
41007021009001001S,19,6
41007021010001001S,396,53
41007021011001001S,396,53
41007021013001001S,19,6
41007021014001001S,227,50
41007021017001001S,19,6
41007021019001001S,207,49
41007021022001001S,227,50
41007021025001001S,207,49
41007021026001001S,19,6
41007021027001001S,19,6
41007021029001001S,227,50
41007021031001001S,19,6
41007021033001001S,207,49
41007021034001001S,19,6
41007021035001001S,19,6
41007021038001001S,,
41007021041001001S,396,53
41007021043001001S,227,50
41007021045001001S,19,6
41007021048001001S,19,6
41007021049001001S,19,6
41007021050001001S,227,50
41007021051001001S,19,6
41007021052001001S,19,6
41007021053001001S,227,50
41007021055001001S,19,6
41007021056001001S,396,53
41007021058001001S,19,6
41007021059001001S,19,6
41007021060001001S,19,6
41007021061001001S,227,50
41007021065001001S,227,50
41007021066001001S,19,6
41007021067001001S,396,53
41007021068001001S,19,6
41007021070001001S,19,6
41007021071001001S,227,50
41007021072001001S,19,6
41007021073001001S,19,6
41007021076001001S,19,6
41007021077001001S,101,7
41007021078001001S,19,6
41007021080001001S,19,6
41007021081001001S,396,53
41007021082001001S,101,7
41007021084001001S,,
41007021085001001S,19,6
41007021086001001S,101,7
41007021087001001S,19,6
41007021089001001S,19,6
41007021090001001S,101,7
41007021091001001S,19,6
41007021092001001S,227,50
41007021093001001S,19,6
41007021095001001S,396,53
41007021096001001S,19,6
41007021097001001S,19,6
41007021098001001S,19,6
41007021099001001S,19,6
41007021102001001S,227,50
41007021104001001S,396,53
41007021105001001S,207,49
41007021106001001S,19,6
41007021108001001S,19,6
41007021109001001S,19,6
41007021110001001S,19,6
41007021112001001S,19,6
41007021113001001S,19,6
41007021114001001S,19,6
41007021115001001S,19,6
41007021116001001S,19,6
41007021117001001S,19,6
41007021118001001S,19,6
41007021119001001S,19,6
41007021120001001S,19,6
41007021121001001S,19,6
41007021123001001S,19,6
41007021125001001S,19,6
41007021127001001S,101,7
41007021129001001S,19,6
41007021130001001S,19,6
41007021131001001S,19,6
41007021132001001S,19,6
41007021133001001S,19,6
41007021134001001S,19,6
41007021136001001S,19,6
41007021138001001S,19,6
41007021140001001S,19,6
41007021141001001S,19,6
41007021142001001S,226,12
41007021143001001S,226,12
41007021144002001S,,
41007021144002002S,,
41007021145001001S,226,12
41007021146001001S,19,6
41007021147001001S,226,12
41007021148001001S,19,6
41007021149001001S,19,6
41007021150001001S,19,6
41007021151001001S,19,6
41007021153001001S,101,7
41007021154001001S,226,12
41007021155001001S,19,6
41007021157001001S,226,12
41007021158001001S,19,6
41007021159001001S,101,7
41007021161001001S,226,12
41007021162001001S,227,22
41007021164001001S,19,6
41007021165001001S,19,6
41007021166001001S,19,6
41007021167001001S,226,12
41007021168001001S,19,6
41007021169001001S,19,6
41007021170001001S,226,12
41007021171001001S,19,6
41007021172001001S,226,12
41007021173001001S,226,12
41007021175001001S,19,6
41007021177001001S,226,12
41007021178001001S,19,6
41007021179001001S,19,6
41007021180001001S,,
41007021181001001S,19,6
41007021182001001S,226,12
41007021183001001S,19,6
41007021185022001S,207,49
41007021185022002S,207,49
41007021185022003S,207,49
41007021185022004S,207,49
41007021185022005S,207,49
41007021185022006S,207,49
41007021185022007S,207,49
41007021185022008S,207,49
41007021185022009S,207,49
41007021185022010S,207,49
41007021185022011S,207,49
41007021185022012S,207,49
41007021185022013S,207,49
41007021185022014S,207,49
41007021185022015S,207,49
41007021185022016S,207,49
41007021185022017S,207,49
41007021185022018S,207,49
41007021185022019S,207,49
41007021185022020S,207,49
41007021185022021S,207,49
41007021185022022S,207,49
41007021186001001S,19,6
41007021187001001S,19,6
41007021188001001S,19,6
41007021189001001S,19,6
41007021191001001S,19,6
41007021193001001S,226,12
41007021195001001S,19,6
41007021198001001S,19,6
41007021199001001S,,
41007021200001001S,19,6
41007021201001001S,,
41007021204001001S,19,6
41007021205001001S,226,12
41007021206001001S,101,7
41007021207001001S,19,6
41007021208001001S,19,6
41007021209001001S,19,6
41007021211001001S,19,6
41007021212001001S,19,6
41007021213001001S,226,12
41007021214001001S,19,6
41007021215008001S,19,6
41007021215008002S,19,6
41007021215008003S,19,6
41007021215008004S,19,6
41007021215008005S,19,6
41007021215008006S,19,6
41007021215008007S,19,6
41007021215008008S,19,6
41007021216001001S,226,12
41007021217001001S,226,12
41007021218001001S,19,6
41007021219001001S,19,6
41007021220001001S,19,6
41007021221001001S,19,6
41007021222001001S,19,6
41007021223001001S,19,6
41007021225001001S,19,6
41007021226001001S,101,7
41007021227001001S,101,7
41007021228001001S,19,6
41007021229001001S,19,6
41007021230001001S,19,6
41007021231001001S,19,6
41007021232001001S,19,6
41007021234001001S,19,6
41007021237001001S,19,6
41007021238001001S,19,6
41007021239001001S,226,12
41007021240001001S,,
41007021241001001S,19,6
41007021242001001S,19,6
41007021243001001S,19,6
41007021244001001S,,
41007021245001001S,226,12
41007021246001001S,19,6
41007021247001001S,19,6
41007021248001001S,19,6
41007021249001001S,226,12
41007021250001001S,19,6
41007021252001001S,226,12
41007021253001001S,,
41007021254001001S,19,6
41007021255001001S,,
41007021256001001S,226,12
41007021258001001S,,
41007021259001001S,101,7
41007021260001001S,101,7
41007021261001001S,,
41007021262001001S,101,7
41007021263002001S,101,7
41007021263002002S,101,7
41007021264001001S,101,7
41007021265001001S,,
41007021266001001S,19,6
41007021267001001S,226,12
41007021268001001S,,
41007021270001001S,19,6
41007021271001001S,19,6
41007021272001001S,19,6
41007021273001001S,19,6
41007021276001001S,19,6
41007021278001001S,226,12
41007021279001001S,203,54
41007021280001001S,203,54
41007021281001001S,203,54
41007021282001001S,226,12
41007021283001001S,,
41007021285001001S,226,12
41007021287001001S,,
41007021288001001S,19,6
41007021289001001S,,
41007021290001001S,,
41007021291001001S,,
41007021292001001S,19,6
41007021296001001S,,
41007021297001001S,19,6
41007021298001001S,101,7
41007021299001001S,203,54
41007021301001001S,101,7
41007021302001001S,101,7
41007021303001001S,,
41007021306001001S,19,6
41007021307001001S,19,6
41007021310001001S,203,54
41007021312001001S,19,6
41007021315001001S,203,54
41007021317001001S,19,6
41007021318001001S,19,6
41007021319001001S,19,6
41007021322001001S,,
41007021327001001S,19,6
41007021328001001S,19,6
41007021330001001S,19,6
41007021333001001S,19,6
41007021337001001S,268,41
41007021345001001S,226,12
41007021350001001S,,
41007021354001001S,226,12
41007021355001001S,268,41
41007021358001001S,226,12
41007021361001001S,101,7
41007021367001001S,226,12
41007021374001001S,268,41
41007021377001001S,226,12
41007021379001001S,19,6
41007021385001001S,226,12
41007021397001001S,101,7
41007021401001001S,19,6
41007021403001001S,268,41
41007021404001001S,101,7
41007021410001001S,19,6
41007021421001001S,226,12
41007021427001001S,226,12
41007021435001001S,226,12
41007021439001001S,101,7
41007021442001001S,101,7
41007021443001001S,101,7
41007021446001001S,19,6
41007021449001001S,226,12
41007021452001001S,226,12
41007021461001001S,101,7
41007021464001001S,101,7
41007021469001001S,226,12
41007021475001001S,101,7
41007021477001001S,101,7
41007021478001001S,101,7
41007021479001001S,101,7
41007021480001001S,101,7
41007021482001001S,268,0
41007021483001001S,268,0
41007021487001001S,101,7
41007021491001001S,268,0
41007021492001001S,101,7
41007021493001001S,101,7
41007021494001001S,,
41007021496001001S,19,6
41007021499001001S,268,0
41007021505001001S,268,0
41007021508001001S,19,6
41007021510001001S,268,0
41007021511001001S,268,0
41007021512001001S,268,0
41007021513001001S,101,7
41007021514001001S,268,0
41007021515001001S,101,46
41007021516001001S,268,0
41007021518001001S,101,7
41007021519001001S,268,0
41007021520010001S,226,12
41007021520010002S,226,12
41007021520010003S,226,12
41007021520010004S,226,12
41007021520010005S,226,12
41007021520010006S,226,12
41007021520010007S,226,12
41007021520010008S,226,12
41007021520010009S,226,12
41007021520010010S,226,12
41007021526001001S,101,7
41007021528001001S,268,0
41007021529001001S,,
41007021530001001S,268,0
41007021532001001S,268,0
41007021534001001S,268,0
41007021535001001S,366,10
41007021536001001S,268,0
41007021537001001S,19,6
41007021538001001S,268,0
41007021541001001S,19,6
41007021542001001S,268,0
41007021543001001S,19,6
41007021544001001S,19,6
41007021549001001S,268,0
41007021554001001S,366,10
41007021556001001S,,
41007021558002001S,268,0
41007021558002002S,268,0
41007021559001001S,268,0
41007021560002001S,101,7
41007021560002002S,101,7
41007021561001001S,268,0
41007021562001001S,268,0
41007021563001001S,101,7
41007021564001001S,268,0
41007021565001001S,268,0
41007021566001001S,268,0
41007021567001001S,366,10
41007021568001001S,268,0
41007021570001001S,268,0
41007021571001001S,366,10
41007021572001001S,366,10
41007021574001001S,268,0
41007021575001001S,268,0
41007021576001001S,19,6
41007021578001001S,19,6
41007021579001001S,19,6
41007021580001001S,19,6
41007021581001001S,19,6
41007021582001001S,19,6
41007021583001001S,19,6
41007021584001001S,19,6
41007021586001001S,19,6
41007021587001001S,268,0
41007021593001001S,268,0
41007021594001001S,268,0
41007021595001001S,101,7
41007021597001001S,268,0
41007021601001001S,19,6
41007021602001001S,268,0
41007021605001001S,268,0
41007021606001001S,268,0
41007021608001001S,366,10
41007021609001001S,268,0
41007021610001001S,19,6
41007021612001001S,19,6
41007021614001001S,19,6
41007021616001001S,19,6
41007021617001001S,19,6
41007021618001001S,19,6
41007021619001001S,268,0
41007021620001001S,268,0
41007021621001001S,19,6
41007021622001001S,19,6
41007021626001001S,268,0
41007021628001001S,268,0
41007021629001001S,268,0
41007021630001001S,268,0
41007021631001001S,268,0
41007021632001001S,268,0
41007021633001001S,268,0
41007021634001001S,268,0
41007021636001001S,268,0
41007021639001001S,268,0
41007021640001001S,268,0
41007021641001001S,101,7
41007021645001001S,268,0
41007021646001001S,366,10
41007021649001001S,268,0
41007021651001001S,268,0
41007021652001001S,101,7
41007021653001001S,268,0
41007021654001001S,268,0
41007021658001001S,268,0
41007021660001001S,19,6
41007021661001001S,19,6
41007021662001001S,19,6
41007021664001001S,101,7
41007021665001001S,19,6
41007021666001001S,268,0
41007021667001001S,19,6
41007021668001001S,19,6
41007021669001001S,19,6
41007021673001001S,268,0
41007021674001001S,380,55
41007021675001001S,19,6
41007021676001001S,,
41007021677001001S,268,0
41007021678001001S,268,0
41007021679001001S,19,6
41007021680001001S,366,10
41007021681001001S,268,0
41007021682001001S,268,0
41007021683001001S,268,0
41007021685001001S,268,0
41007021686001001S,268,0
41007021687001001S,19,6
41007021688001001S,,
41007021689001001S,268,0
41007021691001001S,366,10
41007021692001001S,268,0
41007021693001001S,268,0
41007021694001001S,268,0
41007021695001001S,101,7
41007021697001001S,366,10
41007021698001001S,268,0
41007021699001001S,19,6
41007021701001001S,19,6
41007021702001001S,268,0
41007021703001001S,19,6
41007021704001001S,19,6
41007021706001001S,268,0
41007021707001001S,19,6
41007021708001001S,19,6
41007021709001001S,19,6
41007021710001001S,268,0
41007021711001001S,19,6
41007021712001001S,19,6
41007021713001001S,268,0
41007021714001001S,268,0
41007021715001001S,268,0
41007021716001001S,,
41007021717001001S,268,0
41007021720001001S,268,0
41007021721001001S,101,7
41007021722001001S,268,0
41007021723001001S,366,10
41007021724001001S,268,0
41007021725001001S,101,7
41007021728001001S,268,0
41007021729001001S,268,0
41007021730001001S,268,0
41007021731001001S,268,0
41007021732001001S,366,10
41007021733001001S,268,0
41007021734001001S,268,0
41007021736001001S,268,0
41007021737001001S,268,0
41007021738002001S,101,7
41007021738002002S,101,7
41007021740001001S,101,7
41007021741001001S,366,10
41007021742001001S,101,7
41007021743001001S,366,10
41007021745001001S,19,6
41007021746001001S,19,6
41007021747001001S,,
41007021748001001S,19,6
41007021749001001S,19,6
41007021752001001S,19,6
41007021753001001S,268,0
41007021754002001S,101,46
41007021754002002S,101,46
41007021755001001S,19,6
41007021756001001S,19,6
41007021757001001S,268,0
41007021758001001S,268,0
41007021759001001S,19,6
41007021760001001S,268,0
41007021761001001S,268,0
41007021762001001S,19,6
41007021763001001S,268,0
41007021766001001S,268,0
41007021768001001S,268,0
41007021769001001S,268,0
41007021770001001S,268,0
41007021771001001S,366,10
41007021772001001S,268,0
41007021773001001S,268,0
41007021775001001S,268,0
41007021776001001S,,
41007021777001001S,19,6
41007021778001001S,268,41
41007021779001001S,101,7
41007021780001001S,101,7
41007021782001001S,19,6
41007021783001001S,268,0
41007021784001001S,19,6
41007021785001001S,19,6
41007021787001001S,268,0
41007021788001001S,19,6
41007021789001001S,268,0
41007021790001001S,268,0
41007021791001001S,268,0
41007021792001001S,268,0
41007021793001001S,268,0
41007021794001001S,268,0
41007021795001001S,268,0
41007021796001001S,268,0
41007021797001001S,268,0
41007021798001001S,268,0
41007021800001001S,268,0
41007021802001001S,268,0
41007021805001001S,101,7
41007021806001001S,268,0
41007021807001001S,101,7
41007021808001001S,366,10
41007021809001001S,19,6
41007021812001001S,366,10
41007021813001001S,366,10
41007021814001001S,268,0
41007021815001001S,268,0
41007021816001001S,268,0
41007021817001001S,268,0
41007021818001001S,268,0
41007021819001001S,268,0
41007021820001001S,268,0
41007021821001001S,268,0
41007021822001001S,268,0
41007021824001001S,268,0
41007021826001001S,19,6
41007021828001001S,268,0
41007021829001001S,19,6
41007021830001001S,19,6
41007021832001001S,19,6
41007021833001001S,268,0
41007021835001001S,268,0
41007021836001001S,19,6
41007021838001001S,19,6
41007021839001001S,268,0
41007021841001001S,19,6
41007021842001001S,101,7
41007021843001001S,19,6
41007021844001001S,19,6
41007021845001001S,19,6
41007021854001001S,101,46
41007021855001001S,268,0
41007021857001001S,268,0
41007021860001001S,268,0
41007021862001001S,268,0
41007021863001001S,268,0
41007021865001001S,268,0
41007021866001001S,268,0
41007021868001001S,268,0
41007021869001001S,366,10
41007021870001001S,268,0
41007021872001001S,268,0
41007021873001001S,268,0
41007021874001001S,268,0
41007021876001001S,268,0
41007021877001001S,19,6
41007021878001001S,268,0
41007021879001001S,19,6
41007021880001001S,268,0
41007021882001001S,19,6
41007021883001001S,268,0
41007021884001001S,19,6
41007021886001001S,268,0
41007021887001001S,19,6
41007021889001001S,268,0
41007021890001001S,19,6
41007021892001001S,19,6
41007021893001001S,19,6
41007021894001001S,19,6
41007021897001001S,19,6
41007021898001001S,19,6
41007021899001001S,268,0
41007021900001001S,19,6
41007021901001001S,19,6
41007021902001001S,19,6
41007021903001001S,101,7
41007021912001001S,101,7
41007021916001001S,366,10
41007021917001001S,268,0
41007021918002001S,101,7
41007021918002002S,101,7
41007021919001001S,268,0
41007021920001001S,101,7
41007021922001001S,268,0
41007021924001001S,268,0
41007021925001001S,268,0
41007021926001001S,268,0
41007021927001001S,268,0
41007021928001001S,268,0
41007021929001001S,268,0
41007021930001001S,154,1
41007021931001001S,154,1
41007021933001001S,154,1
41007021934001001S,154,1
41007021937001001S,154,1
41007021943001001S,19,6
41007021946001001S,19,6
41007021947001001S,19,6
41007021948001001S,19,6
41007021949001001S,19,6
41007021950001001S,19,6
41007021951001001S,19,6
41007021952001001S,19,6
41007021953001001S,19,6
41007021957001001S,154,1
41007021958001001S,154,1
41007021959001001S,204,56
41007021960001001S,154,1
41007021961001001S,154,1
41007021962001001S,154,1
41007021963001001S,154,1
41007021964001001S,154,1
41007021966001001S,154,1
41007021967001001S,154,1
41007021968001001S,154,1
41007021969001001S,154,1
41007021970001001S,154,1
41007021971001001S,154,1
41007021972001001S,101,7
41007021973001001S,154,1
41007021974001001S,154,1
41007021975001001S,154,1
41007021977001001S,,
41007021980001001S,101,7
41007021982001001S,101,7
41007021984001001S,101,7
41007021985001001S,101,7
41007021986001001S,204,56
41007021988001001S,204,56
41007021990001001S,19,6
41007021991001001S,204,56
41007021992001001S,19,6
41007021994001001S,19,6
41007021995001001S,19,6
41007021996001001S,19,6
41007021997001001S,19,6
41007021998001001S,19,6
41007021999001001S,19,6
41007022000001001S,101,7
41007022001001001S,19,6
41007022002001001S,19,6
41007022003001001S,19,6
41007022004001001S,19,6
41007022007001001S,204,56
41007022009001001S,204,56
41007022011001001S,204,56
41007022012001001S,,
41007022013001001S,136,2
41007022014001001S,101,7
41007022015001001S,154,1
41007022017001001S,154,1
41007022018001001S,154,1
41007022019001001S,101,7
41007022020001001S,154,1
41007022021001001S,101,7
41007022023001001S,154,1
41007022024001001S,101,7
41007022025001001S,154,1
41007022026001001S,101,7
41007022027001001S,101,7
41007022028001001S,154,1
41007022030001001S,154,1
41007022031002001S,154,1
41007022031002002S,154,1
41007022032001001S,154,1
41007022033001001S,154,1
41007022034001001S,154,1
41007022035001001S,154,1
41007022036001001S,154,1
41007022037001001S,154,1
41007022038001001S,154,1
41007022039001001S,101,7
41007022040001001S,204,56
41007022041001001S,101,7
41007022043001001S,204,56
41007022045001001S,,
41007022046001001S,19,6
41007022048001001S,19,6
41007022049001001S,19,6
41007022050001001S,19,6
41007022051001001S,19,6
41007022052001001S,19,6
41007022053001001S,19,6
41007022055001001S,19,6
41007022057001001S,19,6
41007022058001001S,19,6
41007022060001001S,136,2
41007022063001001S,154,1
41007022065001001S,154,1
41007022068001001S,154,1
41007022069002001S,154,1
41007022069002002S,154,1
41007022070001001S,154,1
41007022072001001S,154,1
41007022073001001S,154,1
41007022074001001S,154,1
41007022075001001S,154,1
41007022076001001S,154,1
41007022077001001S,154,1
41007022078001001S,154,1
41007022079001001S,154,1
41007022080001001S,154,1
41007022081001001S,154,1
41007022083001001S,101,7
41007022084001001S,101,7
41007022085001001S,101,7
41007022086001001S,101,7
41007022087001001S,101,7
41007022088001001S,101,7
41007022090001001S,101,7
41007022091001001S,154,1
41007022092002001S,101,7
41007022092002002S,101,7
41007022093001001S,,
41007022094001001S,19,6
41007022095001001S,19,6
41007022096001001S,19,6
41007022098001001S,19,6
41007022100001001S,19,6
41007022101001001S,101,7
41007022102001001S,19,6
41007022103001001S,19,6
41007022108001001S,19,6
41007022109001001S,101,7
41007022118001001S,136,2
41007022120001001S,101,7
41007022121001001S,154,1
41007022122001001S,154,1
41007022123001001S,101,7
41007022124001001S,154,1
41007022126001001S,154,1
41007022127001001S,154,1
41007022129002001S,,
41007022129002002S,,
41007022130001001S,154,1
41007022132001001S,136,2
41007022133001001S,154,1
41007022134001001S,19,6
41007022135001001S,154,1
41007022136001001S,101,7
41007022137001001S,154,1
41007022138001001S,,
41007022141001001S,154,1
41007022142001001S,101,7
41007022144001001S,154,1
41007022145001001S,101,7
41007022146001001S,,
41007022147001001S,154,1
41007022151001001S,136,2
41007022152001001S,154,1
41007022155001001S,154,1
41007022156001001S,154,1
41007022157001001S,,
41007022163001001S,154,1
41007022164001001S,,
41007022165001001S,,
41007022169001001S,,
41007022170001001S,353,63
41007022171001001S,154,1
41007022172001001S,154,1
41007022174001001S,,
41007022176001001S,154,1
41007022177001001S,,
41007022179001001S,19,6
41007022180001001S,19,6
41007022181001001S,19,6
41007022182001001S,19,6
41007022183001001S,19,6
41007022185001001S,19,6
41007022187001001S,19,6
41007022189001001S,136,2
41007022190001001S,19,6
41007022191001001S,19,6
41007022192001001S,154,1
41007022193001001S,154,1
41007022194001001S,199,19
41007022195001001S,154,1
41007022197001001S,154,1
41007022198001001S,154,1
41007022199001001S,154,1
41007022201001001S,154,1
41007022202001001S,154,1
41007022203001001S,154,1
41007022204001001S,154,1
41007022205001001S,154,1
41007022206001001S,154,1
41007022207001001S,154,1
41007022208001001S,154,1
41007022210001001S,154,1
41007022212001001S,101,7
41007022213001001S,154,1
41007022214001001S,154,1
41007022217001001S,136,2
41007022224002001S,101,7
41007022224002002S,101,7
41007022228001001S,101,7
41007022230001001S,19,6
41007022231001001S,19,6
41007022232001001S,19,6
41007022237001001S,19,6
41007022243001001S,19,6
41007022245001001S,19,6
41007022246001001S,19,6
41007022247001001S,19,6
41007022249001001S,101,7
41007022260001001S,136,2
41007022261001001S,19,6
41007022262001001S,136,2
41007022264001001S,19,6
41007022265001001S,154,1
41007022266001001S,154,1
41007022267001001S,199,19
41007022268001001S,154,1
41007022269001001S,154,1
41007022270001001S,154,1
41007022274001001S,154,1
41007022276001001S,154,1
41007022277001001S,154,1
41007022278001001S,154,1
41007022279001001S,154,1
41007022280001001S,154,1
41007022284001001S,154,1
41007022290001001S,154,1
41007022291001001S,101,7
41007022292001001S,154,1
41007022293001001S,154,1
41007022295001001S,101,7
41007022297001001S,154,1
41007022298001001S,101,7
41007022299001001S,101,7
41007022300001001S,154,1
41007022301001001S,101,7
41007022302002001S,154,1
41007022302002002S,,
41007022307001001S,28,59
41007022319001001S,91,11
41007022320001001S,28,59
41007022321001001S,154,1
41007022322001001S,19,6
41007022323001001S,19,6
41007022324001001S,19,6
41007022325001001S,19,6
41007022326001001S,19,6
41007022327001001S,19,6
41007022328001001S,28,59
41007022330001001S,19,6
41007022331001001S,19,6
41007022332001001S,154,1
41007022333001001S,19,6
41007022334001001S,154,1
41007022335001001S,19,6
41007022336001001S,19,6
41007022337001001S,,
41007022338001001S,154,1
41007022339002001S,136,2
41007022340001001S,154,1
41007022341001001S,154,1
41007022342001001S,28,59
41007022343001001S,154,1
41007022344001001S,154,1
41007022345001001S,154,1
41007022346001001S,154,1
41007022347001001S,154,1
41007022348001001S,136,2
41007022349001001S,154,1
41007022351001001S,91,11
41007022352001001S,136,2
41007022353001001S,154,1
41007022354001001S,154,1
41007022355001001S,154,1
41007022356001001S,19,6
41007022360001001S,28,59
41007022362001001S,66,16
41007022364001001S,101,7
41007022365001001S,28,59
41007022366001001S,154,1
41007022368001001S,101,7
41007022370001001S,101,7
41007022373001001S,101,7
41007022374001001S,101,7
41007022377002001S,19,6
41007022377002002S,19,6
41007022378001001S,19,6
41007022380001001S,19,6
41007022381001001S,28,59
41007022382001001S,19,6
41007022383001001S,101,7
41007022385001001S,19,6
41007022386001001S,,
41007022387001001S,19,6
41007022388001001S,19,6
41007022389001001S,19,6
41007022391001001S,28,59
41007022393001001S,,
41007022394003001S,226,12
41007022394003002S,226,12
41007022394003003S,226,12
41007022395001001S,,
41007022396001001S,136,2
41007022397001001S,136,2
41007022398001001S,19,6
41007022399001001S,136,2
41007022401001001S,136,2
41007022402001001S,199,19
41007022403001001S,136,2
41007022406001001S,19,6
41007022407001001S,154,1
41007022408001001S,154,1
41007022409001001S,154,1
41007022410001001S,154,1
41007022411001001S,154,1
41007022412001001S,154,1
41007022413001001S,154,1
41007022414001001S,154,1
41007022416079001S,353,8
41007022416079002S,353,8
41007022416079003S,353,8
41007022416079004S,353,8
41007022416079005S,353,8
41007022416079006S,353,8
41007022416079007S,353,8
41007022416079008S,353,8
41007022416079009S,353,8
41007022416079010S,353,8
41007022416079011S,353,8
41007022416079012S,353,8
41007022416079013S,353,8
41007022416079014S,353,8
41007022416079015S,353,8
41007022416079016S,353,8
41007022416079017S,353,8
41007022416079018S,353,8
41007022416079019S,353,8
41007022416079020S,353,8
41007022416079021S,353,8
41007022416079022S,353,8
41007022416079023S,353,8
41007022416079024S,353,8
41007022416079025S,353,8
41007022416079026S,353,8
41007022416079027S,353,8
41007022416079028S,353,8
41007022416079029S,353,8
41007022416079030S,353,8
41007022416079031S,353,8
41007022416079032S,353,8
41007022416079033S,353,8
41007022416079034S,353,8
41007022416079035S,353,8
41007022416079036S,353,8
41007022416079037S,353,8
41007022416079038S,353,8
41007022416079039S,353,8
41007022416079040S,353,8
41007022416079041S,353,8
41007022416079042S,353,8
41007022416079043S,353,8
41007022416079044S,353,8
41007022416079045S,353,8
41007022416079046S,353,8
41007022416079047S,353,8
41007022416079048S,353,8
41007022416079049S,353,8
41007022416079050S,353,8
41007022416079051S,353,8
41007022416079052S,353,8
41007022416079053S,353,8
41007022416079054S,353,8
41007022416079055S,353,8
41007022416079056S,353,8
41007022416079057S,353,8
41007022416079058S,353,8
41007022416079059S,353,8
41007022416079060S,353,8
41007022416079061S,353,8
41007022416079062S,353,8
41007022416079063S,353,8
41007022416079064S,353,8
41007022416079065S,353,8
41007022416079066S,353,8
41007022416079067S,353,8
41007022416079068S,353,8
41007022416079069S,353,8
41007022416079070S,353,8
41007022416079071S,353,8
41007022416079072S,353,8
41007022416079073S,353,8
41007022416079074S,353,8
41007022416079075S,353,8
41007022416079076S,353,8
41007022416079077S,353,8
41007022416079078S,353,8
41007022416079079S,353,8
41007022417001001S,154,1
41007022421001001S,101,7
41007022422001001S,101,7
41007022423001001S,101,7
41007022424001001S,101,7
41007022425001001S,101,7
41007022426001001S,66,16
41007022427001001S,19,6
41007022428001001S,154,1
41007022429001001S,101,7
41007022430001001S,66,16
41007022431001001S,19,6
41007022432001001S,136,2
41007022434001001S,199,19
41007022436001001S,353,63
41007022437001001S,19,6
41007022438001001S,19,6
41007022439001001S,101,7
41007022440001001S,19,6
41007022441001001S,136,2
41007022442001001S,19,6
41007022443001001S,19,6
41007022444001001S,136,2
41007022445001001S,136,2
41007022446001001S,136,2
41007022447001001S,136,2
41007022448001001S,19,6
41007022449001001S,154,1
41007022450001001S,154,1
41007022451001001S,154,1
41007022452001001S,154,1
41007022453001001S,154,1
41007022454001001S,154,1
41007022455001001S,154,1
41007022456001001S,154,1
41007022457001001S,136,2
41007022458001001S,136,2
41007022463001001S,19,6
41007022465001001S,,
41007022466001001S,19,6
41007022468001001S,19,6
41007022470001001S,19,6
41007022472001001S,,
41007022473001001S,101,7
41007022474001001S,19,6
41007022475001001S,19,6
41007022476001001S,66,16
41007022477001001S,21,44
41007022478001001S,21,44
41007022479001001S,21,44
41007022480001001S,,
41007022481001001S,21,44
41007022482001001S,21,44
41007022483001001S,21,44
41007022484001001S,21,44
41007022485001001S,66,16
41007022486001001S,136,2
41007022487001001S,136,2
41007022488001001S,136,2
41007022489001001S,136,2
41007022490001001S,136,2
41007022491001001S,136,2
41007022492001001S,136,2
41007022493001001S,136,2
41007022494001001S,136,2
41007022495001001S,136,2
41007022496001001S,136,2
41007022497001001S,101,7
41007022499001001S,154,1
41007022500001001S,154,1
41007022501001001S,154,1
41007022503001001S,154,1
41007022504001001S,154,1
41007022505001001S,154,1
41007022506001001S,154,1
41007022507001001S,19,6
41007022509001001S,19,6
41007022513001001S,66,16
41007022515001001S,19,6
41007022516001001S,19,6
41007022517001001S,19,6
41007022519001001S,136,2
41007022520001001S,,
41007022521001001S,154,1
41007022522001001S,136,2
41007022523001001S,21,44
41007022524001001S,21,44
41007022526001001S,21,44
41007022527001001S,21,44
41007022528001001S,21,44
41007022529001001S,21,44
41007022530001001S,21,44
41007022532001001S,19,6
41007022533001001S,19,6
41007022535001001S,154,1
41007022536001001S,19,6
41007022537001001S,19,6
41007022539001001S,19,6
41007022540001001S,136,2
41007022541001001S,136,2
41007022542001001S,136,2
41007022544001001S,136,2
41007022545001001S,154,1
41007022546001001S,136,2
41007022547001001S,136,2
41007022548001001S,136,2
41007022550001001S,136,2
41007022552001001S,154,1
41007022553001001S,154,1
41007022554001001S,154,1
41007022555001001S,154,1
41007022556001001S,154,1
41007022557001001S,154,1
41007022558001001S,154,1
41007022559001001S,66,16
41007022561001001S,154,1
41007022563001001S,136,2
41007022564001001S,19,6
41007022565001001S,136,2
41007022567001001S,19,6
41007022568001001S,,
41007022569001001S,19,6
41007022570001001S,66,16
41007022571001001S,19,6
41007022572001001S,154,1
41007022573001001S,19,6
41007022574001001S,19,6
41007022579001001S,369,42
41007022580001001S,153,64
41007022581001001S,21,44
41007022582001001S,21,44
41007022583001001S,21,44
41007022584001001S,21,44
41007022585001001S,21,44
41007022587001001S,21,44
41007022588001001S,21,44
41007022589001001S,101,7
41007022590001001S,21,44
41007022591001001S,21,44
41007022592001001S,21,44
41007022593001001S,19,6
41007022595001001S,19,6
41007022597001001S,19,6
41007022598001001S,136,2
41007022599001001S,,
41007022600001001S,136,2
41007022601001001S,19,6
41007022602001001S,136,2
41007022604001001S,136,2
41007022605001001S,136,2
41007022606001001S,136,2
41007022607001001S,136,2
41007022608001001S,66,16
41007022609001001S,136,2
41007022610001001S,19,6
41007022611001001S,19,6
41007022613001001S,154,1
41007022614001001S,154,1
41007022615001001S,154,1
41007022616001001S,154,1
41007022617001001S,154,1
41007022618001001S,154,1
41007022619001001S,154,1
41007022620001001S,369,42
41007022621001001S,,
41007022622001001S,19,6
41007022623001001S,19,6
41007022624001001S,,
41007022627001001S,21,44
41007022628001001S,21,44
41007022629001001S,21,44
41007022630001001S,154,1
41007022632001001S,21,44
41007022634001001S,21,44
41007022635001001S,101,7
41007022637001001S,21,44
41007022638001001S,21,44
41007022639001001S,21,44
41007022640001001S,154,1
41007022641001001S,21,44
41007022643001001S,154,1
41007022645001001S,19,6
41007022646001001S,19,6
41007022647001001S,19,6
41007022648001001S,136,2
41007022649001001S,19,6
41007022650001001S,66,16
41007022651001001S,136,2
41007022652001001S,19,6
41007022653001001S,136,2
41007022654001001S,19,6
41007022655001001S,136,2
41007022656001001S,154,1
41007022658001001S,136,2
41007022659001001S,19,6
41007022660001001S,136,2
41007022662001001S,136,2
41007022663001001S,136,2
41007022664001001S,154,1
41007022665001001S,154,1
41007022666001001S,154,1
41007022667001001S,154,1
41007022668001001S,154,1
41007022669001001S,154,1
41007022670001001S,154,1
41007022671001001S,154,1
41007022672001001S,154,1
41007022675001001S,,
41007022676001001S,154,1
41007022677001001S,154,1
41007022678001001S,136,2
41007022679001001S,,
41007022681001001S,19,6
41007022682001001S,,
41007022686001001S,21,44
41007022689001001S,21,44
41007022690001001S,19,6
41007022691001001S,19,6
41007022692001001S,19,6
41007022693001001S,21,44
41007022694001001S,19,6
41007022696001001S,21,44
41007022698001001S,19,6
41007022699001001S,21,44
41007022700001001S,19,6
41007022701001001S,21,44
41007022702001001S,19,6
41007022703001001S,21,44
41007022704001001S,19,6
41007022705001001S,21,44
41007022706001001S,153,43
41007022707001001S,21,44
41007022708001001S,136,2
41007022709001001S,136,2
41007022710001001S,,
41007022711001001S,19,6
41007022712044001S,153,43
41007022712044002S,153,43
41007022712044003S,153,43
41007022712044004S,153,43
41007022712044005S,153,43
41007022712044006S,153,43
41007022712044007S,153,43
41007022712044008S,153,43
41007022712044009S,153,43
41007022712044010S,153,43
41007022712044011S,153,43
41007022712044012S,153,43
41007022712044013S,153,43
41007022712044014S,153,43
41007022712044015S,153,43
41007022712044016S,153,43
41007022712044017S,153,43
41007022712044018S,153,43
41007022712044019S,153,43
41007022712044020S,153,43
41007022712044021S,153,43
41007022712044022S,153,43
41007022712044023S,153,43
41007022712044024S,153,43
41007022712044025S,153,43
41007022712044026S,153,43
41007022712044027S,153,43
41007022712044028S,153,43
41007022712044029S,153,43
41007022712044030S,153,43
41007022712044031S,153,43
41007022712044032S,153,43
41007022712044033S,153,43
41007022712044034S,153,43
41007022712044035S,153,43
41007022712044036S,153,43
41007022712044037S,153,43
41007022712044038S,153,43
41007022712044039S,153,43
41007022712044040S,153,43
41007022712044041S,153,43
41007022712044042S,153,43
41007022712044043S,153,43
41007022712044044S,153,43
41007022713001001S,136,2
41007022714001001S,136,2
41007022715001001S,136,2
41007022716001001S,136,2
41007022717001001S,136,2
41007022718001001S,136,2
41007022719001001S,136,2
41007022720001001S,136,2
41007022722001001S,136,2
41007022723001001S,66,16
41007022724001001S,154,1
41007022725001001S,,
41007022726001001S,154,1
41007022727001001S,19,6
41007022728001001S,154,1
41007022729001001S,154,1
41007022730001001S,154,1
41007022731001001S,154,1
41007022732001001S,154,1
41007022735001001S,19,6
41007022737001001S,19,6
41007022738001001S,19,6
41007022739001001S,136,2
41007022740001001S,19,6
41007022741001001S,19,6
41007022742001001S,19,6
41007022744001001S,19,6
41007022745001001S,19,6
41007022746001001S,19,6
41007022749001001S,21,44
41007022750001001S,21,44
41007022751001001S,21,44
41007022752001001S,154,1
41007022753001001S,21,44
41007022754001001S,21,44
41007022755001001S,21,44
41007022756001001S,21,44
41007022757001001S,21,44
41007022758001001S,136,2
41007022759001001S,66,16
41007022760001001S,136,2
41007022761001001S,136,2
41007022762001001S,136,2
41007022763001001S,136,2
41007022764001001S,136,2
41007022766001001S,136,2
41007022767001001S,136,2
41007022768001001S,136,2
41007022769001001S,136,2
41007022770001001S,136,2
41007022771001001S,154,1
41007022772001001S,154,1
41007022773001001S,154,1
41007022775001001S,154,1
41007022776001001S,154,1
41007022777001001S,136,2
41007022778001001S,154,1
41007022779001001S,,
41007022780001001S,66,16
41007022783001001S,19,6
41007022784001001S,19,6
41007022785001001S,19,6
41007022786001001S,19,6
41007022787001001S,19,6
41007022788001001S,199,19
41007022789002001S,101,7
41007022789002002S,101,7
41007022790001001S,19,6
41007022791001001S,19,6
41007022793001001S,199,19
41007022794001001S,19,6
41007022795001001S,19,6
41007022798001001S,21,44
41007022799001001S,21,44
41007022803001001S,21,44
41007022804001001S,21,44
41007022805001001S,21,44
41007022806001001S,21,44
41007022808001001S,21,44
41007022810001001S,66,16
41007022811001001S,136,2
41007022812001001S,136,2
41007022814001001S,19,6
41007022815001001S,154,1
41007022817001001S,154,1
41007022818001001S,154,1
41007022819001001S,154,1
41007022820001001S,154,1
41007022821001001S,154,1
41007022822001001S,154,1
41007022824001001S,154,1
41007022825001001S,154,1
41007022826001001S,19,6
41007022827001001S,19,6
41007022830001001S,19,6
41007022831001001S,,
41007022832001001S,154,1
41007022833001001S,19,6
41007022834001001S,66,16
41007022836001001S,19,6
41007022838001001S,21,44
41007022839001001S,154,1
41007022849001001S,136,2
41007022850001001S,136,2
41007022851002001S,101,7
41007022851002002S,101,7
41007022853001001S,154,1
41007022854001001S,19,6
41007022855001001S,19,6
41007022857001001S,19,6
41007022861001001S,154,1
41007022862001001S,154,1
41007022863001001S,19,6
41007022865001001S,154,1
41007022866001001S,154,1
41007022868001001S,136,2
41007022870001001S,19,6
41007022871001001S,19,6
41007022872001001S,19,6
41007022873001001S,136,2
41007022874001001S,19,6
41007022875001001S,19,6
41007022877001001S,154,1
41007022878001001S,19,6
41007022879001001S,19,6
41007022880001001S,19,6
41007022882001001S,19,6
41007022883001001S,19,6
41007022885001001S,19,6
41007022886001001S,199,19
41007022887001001S,199,19
41007022888001001S,199,19
41007022890001001S,154,1
41007022892001001S,21,44
41007022893001001S,21,44
41007022894001001S,21,44
41007022895001001S,21,44
41007022896001001S,101,7
41007022897001001S,154,1
41007022898001001S,21,44
41007022899001001S,154,1
41007022900001001S,19,6
41007022901001001S,19,6
41007022902001001S,136,2
41007022903001001S,136,2
41007022904001001S,154,1
41007022906001001S,154,1
41007022907001001S,154,1
41007022909001001S,154,1
41007022910001001S,19,6
41007022911001001S,154,1
41007022913001001S,136,2
41007022914001001S,136,2
41007022915001001S,136,2
41007022916001001S,369,42
41007022918001001S,136,2
41007022919001001S,136,2
41007022920001001S,136,2
41007022921001001S,19,6
41007022922001001S,19,6
41007022923001001S,19,6
41007022924001001S,136,2
41007022925001001S,19,6
41007022926001001S,136,2
41007022927001001S,19,6
41007022928001001S,19,6
41007022929001001S,136,2
41007022930001001S,136,2
41007022931001001S,19,6
41007022933001001S,19,6
41007022934001001S,136,2
41007022936001001S,19,6
41007022937001001S,19,6
41007022938001001S,19,6
41007022939001001S,154,1
41007022940001001S,199,19
41007022941001001S,154,1
41007022942001001S,199,19
41007022943001001S,154,1
41007022944001001S,199,19
41007022945001001S,154,1
41007022947001001S,21,44
41007022948001001S,19,6
41007022949001001S,154,1
41007022950001001S,21,44
41007022951001001S,19,6
41007022952001001S,19,6
41007022953001001S,154,1
41007022954001001S,21,44
41007022957001001S,21,44
41007022958001001S,154,1
41007022963001001S,154,1
41007022964001001S,,
41007022965001001S,154,1
41007022967001001S,154,1
41007022968001001S,19,6
41007022969001001S,19,6
41007022970001001S,353,8
41007022972001001S,119,21
41007022973001001S,154,1
41007022974001001S,136,2
41007022975001001S,,
41007022977001001S,136,2
41007022978001001S,136,2
41007022980001001S,154,1
41007022981001001S,136,2
41007022982001001S,119,21
41007022983001001S,119,21
41007022984001001S,136,2
41007022985001001S,136,2
41007022986001001S,119,21
41007022987001001S,19,6
41007022988001001S,19,6
41007022989001001S,19,6
41007022990001001S,136,2
41007022991001001S,119,21
41007022992001001S,19,6
41007022993001001S,19,6
41007022994001001S,19,6
41007022995001001S,19,6
41007022996001001S,154,1
41007022997001001S,,
41007022998001001S,154,1
41007022999001001S,154,1
41007023000001001S,19,6
41007023001001001S,19,6
41007023003001001S,19,6
41007023004001001S,19,6
41007023006001001S,19,6
41007023007001001S,154,1
41007023008001001S,199,19
41007023009001001S,154,1
41007023011001001S,154,1
41007023014001001S,21,44
41007023015001001S,21,44
41007023016001001S,154,1
41007023017001001S,21,44
41007023018001001S,21,44
41007023019001001S,136,2
41007023020001001S,21,44
41007023021001001S,154,1
41007023022001001S,,
41007023023001001S,136,2
41007023024001001S,101,7
41007023026001001S,136,2
41007023028001001S,154,1
41007023029001001S,,
41007023030001001S,154,1
41007023031001001S,154,1
41007023032001001S,19,6
41007023033001001S,119,21
41007023034001001S,119,21
41007023035001001S,154,1
41007023036001001S,,
41007023039001001S,136,2
41007023042001001S,136,2
41007023044001001S,136,2
41007023045001001S,136,2
41007023046001001S,136,2
41007023048001001S,136,2
41007023050001001S,154,1
41007023051001001S,119,21
41007023052001001S,154,1
41007023054001001S,19,6
41007023057001001S,19,6
41007023059001001S,154,1
41007023060001001S,19,6
41007023062001001S,19,6
41007023063001001S,154,1
41007023064001001S,19,6
41007023065001001S,154,1
41007023067001001S,19,6
41007023068001001S,19,6
41007023069001001S,154,1
41007023070001001S,19,6
41007023071001001S,154,1
41007023072001001S,19,6
41007023073001001S,199,19
41007023074001001S,154,1
41007023075001001S,199,19
41007023079001001S,21,44
41007023081001001S,21,44
41007023082001001S,21,44
41007023083001001S,21,44
41007023084001001S,21,44
41007023086001001S,21,44
41007023088001001S,119,21
41007023089001001S,,
41007023090001001S,,
41007023092001001S,136,2
41007023093001001S,136,2
41007023094001001S,136,2
41007023097001001S,136,2
41007023098001001S,136,2
41007023099001001S,136,2
41007023100001001S,119,21
41007023101001001S,272,17
41007023102001001S,119,21
41007023103001001S,154,1
41007023104001001S,154,1
41007023105001001S,154,1
41007023106001001S,154,1
41007023107001001S,154,1
41007023108001001S,154,1
41007023109001001S,154,1
41007023110001001S,19,6
41007023113001001S,19,6
41007023114001001S,119,21
41007023115001001S,19,6
41007023116001001S,19,6
41007023117001001S,154,1
41007023118001001S,19,6
41007023119001001S,19,6
41007023120001001S,19,6
41007023121001001S,19,6
41007023122001001S,19,6
41007023123001001S,19,6
41007023124001001S,19,6
41007023125001001S,19,6
41007023126001001S,19,6
41007023127001001S,199,19
41007023129001001S,21,44
41007023130001001S,21,44
41007023131001001S,21,44
41007023132001001S,21,44
41007023133001001S,21,44
41007023134001001S,21,44
41007023135001001S,21,44
41007023136001001S,21,44
41007023137001001S,154,1
41007023138001001S,21,44
41007023139001001S,21,44
41007023143001001S,119,21
41007023146001001S,119,21
41007023152001001S,136,2
41007023155001001S,119,21
41007023156001001S,136,2
41007023159001001S,136,2
41007023162001001S,136,2
41007023165001001S,136,2
41007023169001001S,353,8
41007023175001001S,136,2
41007023183001001S,119,21
41007023185001001S,136,2
41007023186001001S,136,2
41007023189001001S,272,17
41007023190001001S,355,18
41007023193001001S,355,18
41007023194001001S,355,18
41007023197001001S,355,18
41007023198001001S,355,18
41007023200001001S,355,18
41007023201001001S,355,18
41007023202001001S,119,21
41007023204001001S,355,18
41007023205001001S,199,19
41007023207001001S,136,2
41007023208001001S,199,19
41007023211001001S,119,21
41007023214001001S,21,44
41007023215001001S,21,44
41007023216001001S,353,8
41007023217001001S,21,44
41007023218001001S,21,44
41007023220001001S,21,44
41007023222001001S,21,44
41007023223001001S,21,44
41007023225001001S,21,44
41007023226001001S,119,21
41007023227001001S,21,44
41007023228001001S,21,44
41007023230001001S,21,44
41007023236001001S,119,21
41007023238001001S,136,2
41007023241001001S,272,17
41007023243001001S,272,17
41007023249001001S,119,21
41007023250001001S,272,17
41007023252001001S,21,44
41007023255001001S,272,17
41007023257001001S,272,17
41007023258001001S,272,17
41007023259001001S,272,17
41007023262001001S,272,17
41007023263001001S,272,17
41007023264001001S,355,18
41007023266001001S,272,17
41007023267001001S,355,18
41007023269001001S,355,18
41007023270001001S,355,18
41007023272001001S,355,18
41007023273001001S,272,17
41007023275001001S,355,18
41007023276001001S,355,18
41007023277001001S,355,18
41007023278001001S,272,17
41007023281001001S,272,17
41007023282001001S,199,19
41007023283001001S,272,17
41007023285001001S,272,17
41007023290001001S,355,18
41007023291001001S,355,18
41007023292001001S,199,19
41007023296001001S,21,44
41007023298001001S,102,3
41007023300001001S,119,21
41007023302001001S,102,3
41007023304001001S,102,3
41007023307001001S,119,21
41007023313001001S,119,21
41007023315001001S,119,21
41007023316001001S,119,21
41007023317001001S,272,17
41007023320001001S,272,17
41007023321001001S,272,17
41007023323001001S,272,17
41007023324001001S,355,18
41007023325001001S,355,18
41007023326001001S,355,18
41007023327001001S,355,18
41007023328001001S,355,18
41007023329001001S,193,20
41007023330001001S,102,3
41007023334001001S,102,3
41007023335001001S,102,3
41007023336001001S,102,3
41007023340001001S,272,17
41007023351001001S,221,9
41007023352001001S,353,8
41007023353001001S,272,17
41007023354001001S,353,8
41007023356001001S,272,17
41007023357001001S,193,20
41007023358001001S,193,20
41007023359001001S,193,20
41007023360001001S,353,8
41007023361001001S,193,20
41007023362001001S,193,20
41007023364001001S,193,20
41007023365001001S,193,20
41007023366001001S,193,20
41007023367001001S,221,9
41007023368001001S,102,3
41007023372001001S,221,9
41007023373001001S,102,3
41007023375001001S,102,3
41007023379001001S,353,8
41007023381001001S,353,8
41007023382001001S,353,8
41007023383001001S,102,3
41007023386001001S,102,3
41007023394001001S,272,17
41007023395001001S,193,20
41007023399001001S,193,20
41007023400001001S,102,3
41007023401001001S,102,3
41007023402001001S,102,3
41007023403001001S,221,9
41007023407001001S,21,44
41007023408001001S,102,3
41007023409001001S,221,9
41007023411001001S,102,3
41007023413001001S,102,3
41007023414001001S,102,3
41007023415002001S,193,20
41007023415002002S,193,20
41007023416001001S,221,9
41007023417001001S,102,3
41007023418001001S,102,3
41007023419001001S,102,3
41007023422001001S,102,3
41007023424001001S,193,20
41007023425001001S,193,20
41007023427001001S,193,20
41007023428001001S,193,20
41007023429001001S,193,20
41007023430001001S,193,20
41007023431001001S,193,20
41007023432001001S,193,20
41007023433001001S,193,20
41007023434001001S,193,20
41007023436001001S,221,9
41007023468001001S,221,9
41007023509001001S,221,9
41007023585001001S,221,9
41007023618001001S,221,9
41007023619001001S,221,9
41007023643001001S,254,57
41007023645001001S,254,57
41007023646001001S,21,44
41007023647001001S,21,44
41007023648001001S,21,44
41007023650001001S,21,44
41007023652001001S,21,44
41007023655002001S,21,44
41007023655002002S,21,44
41007023656001001S,254,57
41007023657001001S,21,44
41007023658001001S,221,9
41007023659001001S,21,44
41007023661001001S,21,44
41007023663001001S,21,44
41007023664001001S,21,44
41007023666001001S,21,44
41007023678001001S,353,8
41007023682001001S,221,9
41007023727001001S,353,8
41007023770001001S,353,8
41007023773001001S,254,57
41007023777001001S,21,44
41007023779001001S,221,9
41007023781001001S,21,44
41007023784001001S,21,44
41007023785001001S,221,9
41007023788001001S,21,44
41007023802001001S,221,9
41007023809001001S,21,44
41007023812001001S,221,9
41007023814001001S,21,44
41007023821001001S,221,9
41007023835001001S,221,9
41007023858001001S,221,9
41007023867001001S,21,44
41007023878001001S,221,9
41007023882001001S,353,8
41007023883001001S,353,8
41007023887001001S,104,4
41007023889001001S,104,4
41007023890001001S,102,3
41007023891001001S,102,3
41007023892001001S,102,3
41007023893001001S,104,4
41007023895001001S,221,9
41007023896001001S,,
41007023897001001S,,
41007023898001001S,,
41007023899001001S,,
41007023900001001S,102,3
41007023901001001S,102,3
41007023902001001S,254,57
41007023903001001S,,
41007023907001001S,104,4
41007023908001001S,102,3
41007023911001001S,21,44
41007023912001001S,21,44
41007023913001001S,21,44
41007023914001001S,21,44
41007023915001001S,102,3
41007023916001001S,21,44
41007023917001001S,21,44
41007023918001001S,21,44
41007023919001001S,104,4
41007023920001001S,21,44
41007023922001001S,21,44
41007023923001001S,21,44
41007023924001001S,21,44
41007023926001001S,21,44
41007023927001001S,21,44
41007023928001001S,21,44
41007023930002001S,21,44
41007023930002002S,21,44
41007023931001001S,21,44
41007023933001001S,21,44
41007023934001001S,21,44
41007023935001001S,21,44
41007023936001001S,21,44
41007023937001001S,21,44
41007023940001001S,221,9
41007023941001001S,221,9
41007023942001001S,,
41007023943001001S,221,9
41007023944001001S,353,8
41007023945001001S,221,9
41007023947001001S,221,9
41007023948001001S,104,4
41007023949001001S,221,9
41007023950001001S,353,8
41007023951001001S,208,5
41007023952001001S,104,4
41007023953001001S,254,57
41007023954001001S,,
41007023955001001S,353,8
41007023957001001S,353,8
41007023958001001S,21,44
41007023959001001S,353,8
41007023960001001S,254,57
41007023963001001S,254,57
41007023968001001S,221,9
41007023969001001S,104,4
41007023971001001S,104,4
41007023972001001S,221,9
41007023973001001S,102,3
41007023976001001S,102,3
41007023978001001S,102,3
41007023980001001S,221,9
41007023981001001S,102,3
41007023985004001S,104,4
41007023987001001S,104,4
41007023988001001S,102,3
41007023989001001S,21,44
41007023990001001S,21,44
41007023991001001S,208,5
41007023992001001S,21,44
41007023993001001S,21,44
41007023994001001S,102,3
41007023995001001S,21,44
41007023996001001S,21,44
41007023997001001S,21,44
41007023998001001S,21,44
41007024000001001S,353,8
41007024001001001S,21,44
41007024002001001S,104,4
41007024006001001S,21,44
41007024008001001S,21,44
41007024009001001S,104,4
41007024011001001S,21,44
41007024012001001S,104,4
41007024013001001S,21,44
41007024014001001S,254,57
41007024015001001S,21,44
41007024016001001S,21,44
41007024017001001S,208,5
41007024019001001S,221,9
41007024021001001S,102,3
41007024022001001S,254,57
41007024023001001S,254,57
41007024027001001S,221,9
41007024031001001S,254,57
41007024032001001S,104,4
41007024033001001S,104,4
41007024034001001S,21,44
41007024035001001S,208,5
41007024037001001S,102,3
41007024038004001S,208,5
41007024038004002S,208,5
41007024038004003S,208,5
41007024038004004S,208,5
41007024039001001S,104,4
41007024041001001S,104,4
41007024043001001S,221,9
41007024045001001S,208,5
41007024048001001S,221,9
41007024049001001S,102,3
41007024050001001S,221,9
41007024051001001S,208,5
41007024052001001S,221,9
41007024053001001S,221,9
41007024054001001S,221,9
41007024057001001S,104,4
41007024060001001S,208,5
41007024062001001S,221,9
41007024063001001S,353,8
41007024065001001S,353,8
41007024066001001S,208,5
41007024067001001S,353,8
41007024068001001S,254,57
41007024069001001S,221,9
41007024070001001S,221,9
41007024071001001S,208,5
41007024073001001S,254,57
41007024074001001S,104,4
41007024076001001S,221,9
41007024079001001S,104,4
41007024081001001S,221,9
41007024082001001S,208,5
41007024083001001S,254,57
41007024084001001S,254,57
41007024085001001S,21,44
41007024086001001S,353,8
41007024087001001S,21,44
41007024088001001S,104,4
41007024089001001S,21,44
41007024090001001S,254,57
41007024091001001S,21,44
41007024092001001S,21,44
41007024093001001S,208,5
41007024094001001S,104,4
41007024095001001S,21,44
41007024096001001S,208,5
41007024098001001S,21,44
41007024102001001S,104,4
41007024106001001S,104,4
41007024107001001S,208,5
41007024108001001S,21,44
41007024110001001S,21,44
41007024112001001S,21,44
41007024113001001S,21,44
41007024114001001S,21,44
41007024115001001S,104,4
41007024116001001S,21,44
41007024117001001S,21,44
41007024119001001S,353,8
41007024120001001S,208,5
41007024121001001S,104,4
41007024124001001S,104,4
41007024128001001S,221,9
41007024133001001S,208,5
41007024143001001S,208,5
41007024146001001S,104,4
41007024159001001S,208,5
41007024161001001S,221,9
41007024162001001S,104,4
41007024164001001S,208,5
41007024165001001S,208,5
41007024166001001S,353,8
41007024169001001S,104,4
41007024170001001S,208,5
41007024173001001S,254,57
41007024175001001S,208,5
41007024176001001S,208,5
41007024177001001S,208,5
41007024178001001S,208,5
41007024179001001S,353,8
41007024180001001S,21,44
41007024182001001S,,
41007024183001001S,21,44
41007024186001001S,21,44
41007024187001001S,104,4
41007024188001001S,254,57
41007024189001001S,21,44
41007024190001001S,104,4
41007024192001001S,21,44
41007024193001001S,104,4
41007024195001001S,254,57
41007024196001001S,21,44
41007024197001001S,208,5
41007024201001001S,21,44
41007024202001001S,21,44
41007024205001001S,21,44
41007024206001001S,208,5
41007024207001001S,21,44
41007024210001001S,21,44
41007024211001001S,221,9
41007024212001001S,21,44
41007024214001001S,104,4
41007024216001001S,,
41007024217001001S,221,9
41007024220001001S,208,5
41007024222001001S,221,9
41007024224001001S,104,4
41007024225001001S,208,5
41007024226001001S,221,9
41007024227001001S,104,4
41007024228001001S,221,9
41007024229001001S,221,9
41007024230001001S,221,9
41007024233001001S,104,4
41007024235001001S,104,4
41007024237001001S,208,5
41007024239001001S,208,5
41007024240001001S,353,8
41007024241001001S,104,4
41007024243001001S,221,9
41007024248001001S,254,57
41007024249001001S,208,5
41007024250001001S,353,8
41007024251001001S,208,5
41007024252001001S,208,5
41007024256001001S,,
41007024257001001S,104,4
41007024259001001S,208,5
41007024260001001S,221,9
41007024262001001S,,
41007024264001001S,208,5
41007024265001001S,104,4
41007024269001001S,208,5
41007024270001001S,221,9
41007024271001001S,208,5
41007024272001001S,353,8
41007024273001001S,208,5
41007024276001001S,104,4
41007024278001001S,221,9
41007024279001001S,104,4
41007024282001001S,21,44
41007024283001001S,353,8
41007024284001001S,208,5
41007024285001001S,21,44
41007024286001001S,221,9
41007024287001001S,21,44
41007024288001001S,21,44
41007024289001001S,208,5
41007024290001001S,,
41007024291001001S,21,44
41007024292001001S,21,44
41007024293001001S,21,44
41007024294001001S,353,8
41007024295001001S,21,44
41007024296001001S,21,44
41007024297001001S,221,9
41007024298001001S,21,44
41007024299001001S,21,44
41007024300001001S,104,4
41007024301001001S,21,44
41007024302001001S,21,44
41007024303001001S,254,57
41007024306001001S,208,5
41007024308001001S,221,9
41007024309001001S,104,4
41007024310001001S,353,8
41007024311001001S,208,5
41007024312001001S,221,9
41007024313001001S,208,5
41007024314001001S,104,4
41007024315001001S,221,9
41007024316001001S,254,57
41007024317001001S,221,9
41007024319001001S,104,4
41007024320001001S,254,57
41007024321001001S,104,4
41007024322001001S,221,9
41007024323001001S,104,4
41007024324001001S,221,9
41007024326001001S,,
41007024327001001S,221,9
41007024328001001S,208,5
41007024329001001S,221,9
41007024331001001S,104,4
41007024332001001S,208,5
41007024333001001S,353,8
41007024334001001S,208,5
41007024335001001S,208,5
41007024336001001S,,
41007024337001001S,221,9
41007024339001001S,221,9
41007024341001001S,208,5
41007024342001001S,353,8
41007024343001001S,21,44
41007024345001001S,21,44
41007024347001001S,21,44
41007024348001001S,353,8
41007024349001001S,208,5
41007024350001001S,21,44
41007024351001001S,21,44
41007024352001001S,21,44
41007024353001001S,21,44
41007024354001001S,208,5
41007024355001001S,21,44
41007024356001001S,221,9
41007024357001001S,221,9
41007024358001001S,21,44
41007024360001001S,21,44
41007024361001001S,208,5
41007024362001001S,21,44
41007024363001001S,104,4
41007024364001001S,221,9
41007024365001001S,21,44
41007024366001001S,21,44
41007024368001001S,208,5
41007024369001001S,221,9
41007024370001001S,208,5
41007024371001001S,221,9
41007024372001001S,208,5
41007024373001001S,,
41007024374001001S,254,57
41007024375001001S,104,4
41007024377001001S,208,5
41007024378001001S,353,8
41007024379001001S,21,44
41007024380001001S,208,5
41007024381001001S,221,9
41007024382001001S,104,4
41007024383001001S,208,5
41007024384001001S,104,4
41007024385001001S,208,5
41007024386001001S,208,5
41007024387001001S,221,9
41007024388001001S,208,5
41007024389001001S,353,8
41007024390001001S,208,5
41007024392001001S,104,4
41007024393001001S,208,5
41007024394001001S,208,5
41007024395001001S,221,9
41007024396001001S,221,9
41007024397001001S,221,9
41007024398001001S,221,9
41007024399001001S,208,5
41007024400001001S,221,9
41007024402001001S,104,4
41007024403001001S,353,8
41007024404001001S,208,5
41007024405001001S,221,9
41007024406001001S,208,5
41007024407001001S,221,9
41007024408001001S,208,5
41007024410001001S,221,9
41007024414001001S,221,9
41007024418001001S,221,9
41007024419001001S,21,44
41007024420001001S,21,44
41007024421002001S,21,44
41007024421002002S,21,44
41007024422001001S,21,44
41007024423001001S,208,5
41007024424001001S,21,44
41007024425001001S,21,44
41007024426001001S,21,44
41007024427001001S,21,44
41007024428001001S,21,44
41007024429001001S,21,44
41007024430001001S,21,44
41007024431001001S,221,9
41007024432001001S,21,44
41007024434001001S,254,57
41007024435001001S,208,5
41007024436001001S,254,57
41007024437001001S,208,5
41007024438001001S,208,5
41007024439001001S,104,4
41007024441001001S,221,9
41007024442001001S,221,9
41007024443001001S,208,5
41007024444001001S,221,9
41007024445001001S,,
41007024446001001S,221,9
41007024447001001S,208,5
41007024448001001S,208,5
41007024450001001S,208,5
41007024451001001S,208,5
41007024452001001S,221,9
41007024454001001S,208,5
41007024455001001S,268,41
41007024459001001S,254,57
41007024460001001S,254,57
41007024461001001S,208,5
41007024462001001S,208,5
41007024464001001S,221,9
41007024465001001S,208,5
41007024466001001S,208,5
41007024468001001S,221,9
41007024470001001S,353,8
41007024471001001S,221,9
41007024472001001S,155,58
41007024473001001S,21,44
41007024474001001S,21,44
41007024475001001S,21,44
41007024476001001S,21,44
41007024477001001S,21,44
41007024478001001S,21,44
41007024479001001S,21,44
41007024480001001S,208,5
41007024481001001S,21,44
41007024482001001S,21,44
41007024483001001S,21,44
41007024485001001S,221,9
41007024486001001S,221,9
41007024487001001S,221,9
41007024488001001S,208,5
41007024490001001S,208,5
41007024491001001S,268,41
41007024492001001S,221,9
41007024493001001S,353,8
41007024494001001S,254,57
41007024495001001S,221,9
41007024496001001S,353,8
41007024497001001S,254,57
41007024498001001S,254,57
41007024499001001S,221,9
41007024500001001S,208,5
41007024501001001S,221,9
41007024503001001S,221,9
41007024504001001S,208,5
41007024505001001S,208,5
41007024506001001S,208,5
41007024507001001S,221,9
41007024508001001S,221,9
41007024509001001S,221,9
41007024511001001S,208,5
41007024513001001S,208,5
41007024516001001S,208,5
41007024517001001S,221,9
41007024519001001S,221,9
41007024521001001S,208,5
41007024523001001S,221,9
41007024524001001S,208,5
41007024526001001S,221,9
41007024529001001S,208,5
41007024530001001S,208,5
41007024532001001S,208,5
41007024535001001S,254,57
41007024536001001S,208,5
41007024538001001S,221,9
41007024539001001S,221,9
41007024540001001S,208,5
41007024541001001S,254,57
41007024542001001S,254,57
41007024543001001S,21,44
41007024544001001S,208,5
41007024545001001S,208,5
41007024546001001S,21,44
41007024548001001S,21,44
41007024549001001S,21,44
41007024552001001S,21,44
41007024553001001S,21,44
41007024554001001S,21,44
41007024555001001S,21,44
41007024556001001S,21,44
41007024557001001S,21,44
41007024558001001S,21,44
41007024559001001S,21,44
41007024560001001S,21,44
41007024561001001S,208,5
41007024562001001S,155,58
41007024565001001S,208,5
41007024566001001S,254,57
41007024567001001S,208,5
41007024568001001S,208,5
41007024570001001S,208,5
41007024572001001S,208,5
41007024573001001S,221,9
41007024574001001S,208,5
41007024575001001S,221,9
41007024577001001S,208,5
41007024578001001S,221,9
41007024579001001S,,
41007024580001001S,,
41007024581001001S,221,9
41007024582001001S,208,5
41007024583001001S,221,9
41007024584001001S,221,9
41007024585001001S,221,9
41007024586001001S,221,9
41007024588001001S,208,5
41007024589001001S,221,9
41007024591001001S,254,57
41007024592001001S,221,9
41007024593001001S,208,5
41007024594001001S,221,9
41007024595001001S,221,9
41007024598001001S,208,5
41007024599001001S,221,9
41007024601001001S,208,5
41007024602001001S,221,9
41007024603001001S,221,9
41007024604001001S,208,5
41007024605001001S,208,5
41007024606001001S,208,5
41007024607001001S,221,9
41007024608001001S,208,5
41007024609001001S,,
41007024610001001S,208,5
41007024611001001S,221,9
41007024612001001S,208,5
41007024613001001S,208,5
41007024614001001S,,
41007024616001001S,254,57
41007024617001001S,208,5
41007024618001001S,21,44
41007024621001001S,21,44
41007024622001001S,254,57
41007024623001001S,208,5
41007024624001001S,254,57
41007024625001001S,21,44
41007024626001001S,254,57
41007024627001001S,21,44
41007024628001001S,21,44
41007024629001001S,21,44
41007024630001001S,21,44
41007024631001001S,155,58
41007024634001001S,208,5
41007024636001001S,21,44
41007024637001001S,208,5
41007024638001001S,21,44
41007024639001001S,208,5
41007024640001001S,208,5
41007024641001001S,208,5
41007024642001001S,,
41007024643001001S,208,5
41007024644001001S,,
41007024645001001S,208,5
41007024646001001S,208,5
41007024648003001S,208,5
41007024648003002S,208,5
41007024648003003S,208,5
41007024649001001S,221,9
41007024650001001S,208,5
41007024651001001S,208,5
41007024652001001S,208,5
41007024653001001S,,
41007024654001001S,21,44
41007024655001001S,,
41007024656001001S,,
41007024657001001S,208,5
41007024658001001S,208,5
41007024659001001S,208,5
41007024660001001S,208,5
41007024661001001S,208,5
41007024662001001S,208,5
41007024663001001S,254,57
41007024664001001S,208,5
41007024665001001S,254,57
41007024666001001S,254,57
41007024667001001S,,
41007024668001001S,208,5
41007024669001001S,254,57
41007024670001001S,254,57
41007024672001001S,254,57
41007024673001001S,208,5
41007024674001001S,254,57
41007024676001001S,208,5
41007024677001001S,208,5
41007024680001001S,,
41007024681001001S,21,44
41007024683001001S,21,44
41007024684001001S,208,5
41007024685001001S,208,5
41007024686001001S,208,5
41007024687001001S,,
41007024688001001S,208,5
41007024689001001S,208,5
41007024690001001S,21,44
41007024691001001S,254,57
41007024692001001S,21,44
41007024695001001S,21,44
41007024696001001S,21,44
41007024697001001S,208,5
41007024698001001S,21,44
41007024699001001S,21,44
41007024706001001S,,
41007024707001001S,208,5
41007024708001001S,208,5
41007024709001001S,208,5
41007024710001001S,,
41007024711001001S,,
41007024712001001S,254,57
41007024713001001S,208,5
41007024714001001S,,
41007024715001001S,208,5
41007024717001001S,208,5
41007024719001001S,208,5
41007024720001001S,208,5
41007024721001001S,,
41007024722001001S,208,5
41007024723001001S,254,57
41007024724001001S,208,5
41007024725001001S,208,5
41007024727001001S,254,57
41007024728001001S,208,5
41007024729001001S,254,57
41007024730001001S,21,44
41007024731001001S,21,44
41007024734001001S,21,44
41007024735001001S,208,5
41007024736001001S,208,5
41007024738001001S,21,44
41007024739001001S,21,44
41007024740001001S,208,5
41007024741001001S,208,5
41007024742001001S,208,5
41007024743001001S,208,5
41007024744001001S,208,5
41007024745001001S,208,5
41007024746001001S,254,57
41007024747001001S,254,57
41007024748001001S,208,5
41007024749001001S,208,5
41007024750001001S,,
41007024751001001S,21,44
41007024752001001S,208,5
41007024753001001S,208,5
41007024754001001S,21,44
41007024755001001S,21,44
41007024756001001S,21,44
41007024758001001S,208,5
41007024759001001S,208,5
41007024760001001S,208,5
41007024762001001S,208,5
41007024763001001S,254,57
41007024765001001S,208,5
41007024766001001S,254,57
41007024767001001S,254,57
41007024768001001S,21,44
41007024769001001S,208,5
41007024770001001S,,
41007024771001001S,21,44
41007024772001001S,21,44
41007024773001001S,208,5
41007024775001001S,208,5
41007024777001001S,208,5
41007024778001001S,254,57
41007024779001001S,254,57
41007024782001001S,254,57
41007024784001001S,21,44
41007024785001001S,254,57
41007024787001001S,254,57
41007024788001001S,208,5
41007024789001001S,21,44
41007024790001001S,208,5
41007024791001001S,208,5
41007024794001001S,254,57
41007024796001001S,21,44
41007024797001001S,254,57
41007024798001001S,254,57
41007024799001001S,208,5
41007024800001001S,208,5
41007024803001001S,208,5
41007024805001001S,208,5
41007024806001001S,208,5
41007024807001001S,208,5
41007024809001001S,208,5
41007024811001001S,208,5
41007024812001001S,208,5
41007024815001001S,208,5
41007024818001001S,21,44
41007024819001001S,21,44
41007024820001001S,,
41007024821001001S,254,57
41007024822001001S,208,5
41007024823001001S,21,44
41007024824001001S,21,44
41007024825001001S,21,44
41007024826001001S,208,5
41007024827001001S,208,5
41007024829001001S,208,5
41007024830001001S,208,5
41007024831001001S,208,5
41007024833001001S,208,5
41007024834001001S,208,5
41007024835001001S,21,44
41007024836001001S,208,5
41007024837001001S,208,5
41007024838001001S,208,5
41007024839001001S,208,5
41007024840001001S,414,35
41007024841001001S,208,5
41007024843001001S,21,44
41007024845001001S,208,5
41007024846001001S,414,35
41007024847001001S,21,44
41007024848001001S,208,5
41007024849001001S,21,44
41007024850001001S,208,5
41007024851001001S,254,57
41007024853001001S,208,5
41007024854001001S,208,5
41007024855001001S,414,35
41007024856001001S,208,5
41007024857001001S,414,35
41007024860001001S,21,44
41007024861001001S,414,35
41007024862001001S,208,5
41007024863001001S,414,35
41007024864001001S,21,44
41007024865001001S,208,5
41007024866001001S,208,5
41007024867001001S,208,5
41007024868001001S,414,35
41007024869001001S,208,5
41007024870001001S,414,35
41007024871001001S,208,5
41007024872001001S,254,57
41007024873001001S,,
41007024874001001S,414,35
41007024875001001S,208,5
41007024876001001S,414,35
41007024881001001S,21,44
41007024882001001S,414,35
41007024883001001S,21,44
41007024884001001S,414,35
41007024885001001S,21,44
41007024886001001S,21,44
41007024887001001S,21,44
41007024888001001S,208,5
41007024890001001S,414,35
41007024891001001S,414,35
41007024893001001S,414,35
41007024894001001S,208,5
41007024895001001S,21,44
41007024896001001S,414,35
41007024897001001S,208,5
41007024898001001S,414,35
41007024899001001S,21,44
41007024900001001S,208,5
41007024901001001S,414,35
41007024902001001S,414,35
41007024907001001S,21,44
41007024908001001S,208,5
41007024909001001S,21,44
41007024911001001S,21,44
41007024912001001S,21,44
41007024913001001S,21,44
41007024916001001S,254,57
41007024921001001S,414,35
41007024923001001S,414,35
41007024924001001S,414,35
41007024926001001S,208,5
41007024927001001S,414,35
41007024928001001S,414,35
41007024929001001S,21,44
41007024930001001S,414,35
41007024934001001S,21,44
41007024935001001S,414,35
41007024938001001S,414,35
41007024940001001S,414,35
41007024941001001S,414,35
41007024942001001S,414,35
41007024943001001S,414,35
41007024946001001S,414,35
41007024950001001S,414,35
41007024952001001S,414,35
41007024955001001S,414,35
41007024957001001S,414,35
41007024961001001S,254,57
41007024962001001S,21,44
41007024963001001S,21,44
41007024964001001S,414,35
41007024965001001S,414,35
41007024966001001S,21,44
41007024968001001S,103,40
41007024969001001S,21,44
41007024971001001S,208,5
41007024975001001S,414,35
41007024979001001S,414,35
41007024989001001S,21,44
41007024990001001S,414,35
41007024992001001S,414,35
41007024993001001S,414,35
41007024999001001S,,
41007025000001001S,414,35
41007025001001001S,414,35
41007025002001001S,88,39
41007025004001001S,414,35
41007025005001001S,88,39
41007025007001001S,,
41007025008001001S,414,35
41007025011001001S,414,35
41007025012001001S,254,57
41007025013001001S,254,57
41007025014001001S,21,44
41007025015001001S,21,44
41007025017001001S,21,44
41007025018001001S,88,39
41007025020001001S,414,35
41007025021001001S,414,35
41007025022001001S,414,35
41007025023001001S,414,35
41007025025001001S,414,35
41007025026001001S,414,35
41007025027001001S,414,35
41007025028001001S,254,57
41007025030001001S,414,35
41007025031001001S,21,44
41007025032001001S,414,35
41007025034001001S,88,39
41007025035001001S,414,35
41007025036001001S,,
41007025037001001S,254,57
41007025038001001S,414,35
41007025040001001S,414,35
41007025041002001S,155,58
41007025041002002S,155,58
41007025042001001S,88,39
41007025043001001S,414,35
41007025045001001S,414,35
41007025049001001S,414,35
41007025050001001S,414,35
41007025053001001S,414,35
41007025059001001S,414,35
41007025061001001S,88,39
41007025062001001S,414,35
41007025063001001S,414,35
41007025065001001S,88,39
41007025067001001S,414,35
41007025068001001S,88,39
41007025069001001S,414,35
41007025070001001S,414,35
41007025071001001S,414,35
41007025072001001S,414,35
41007025073001001S,254,57
41007025074001001S,414,35
41007025075001001S,414,35
41007025080001001S,88,39
41007025081001001S,414,35
41007025085001001S,88,39
41007025087001001S,88,39
41007025088001001S,88,39
41007025093001001S,88,39
41007025094001001S,88,39
41007025095001001S,88,39
41007025096001001S,414,35
41007025097001001S,88,39
41007025099001001S,414,35
41007025100001001S,414,35
41007025102001001S,414,35
41007025103001001S,414,35
41007025105001001S,414,35
41007025106001001S,414,35
41007025107001001S,414,35
41007025109001001S,414,35
41007025112001001S,155,14
41007025114001001S,254,57
41007025115001001S,414,35
41007025116001001S,414,35
41007025117001001S,414,35
41007025120001001S,414,35
41007025121001001S,414,35
41007025122001001S,414,35
41007025123001001S,414,35
41007025124001001S,414,35
41007025125001001S,354,15
41007025130001001S,155,14
41007025134001001S,88,39
41007025135001001S,414,35
41007025136001001S,88,39
41007025137001001S,414,35
41007025138001001S,88,39
41007025139001001S,88,39
41007025140001001S,414,35
41007025141001001S,414,35
41007025142001001S,88,39
41007025143001001S,88,39
41007025144001001S,88,39
41007025146001001S,88,39
41007025147001001S,414,35
41007025148001001S,88,39
41007025149001001S,88,39
41007025150001001S,88,39
41007025152001001S,88,39
41007025153001001S,254,57
41007025154001001S,88,39
41007025155001001S,414,35
41007025156001001S,414,35
41007025157001001S,155,14
41007025158001001S,414,35
41007025159001001S,,
41007025160001001S,414,35
41007025161001001S,414,35
41007025163001001S,414,35
41007025164001001S,414,35
41007025165001001S,414,35
41007025166001001S,414,35
41007025167001001S,254,57
41007025169001001S,155,14
41007025170001001S,155,14
41007025171001001S,155,14
41007025172001001S,155,14
41007025173001001S,414,35
41007025174001001S,414,35
41007025175001001S,414,35
41007025176001001S,414,35
41007025177001001S,88,39
41007025178002001S,414,35
41007025178002002S,414,35
41007025179001001S,88,39
41007025180001001S,414,35
41007025181001001S,414,35
41007025182001001S,88,39
41007025183001001S,88,39
41007025184001001S,88,39
41007025185001001S,88,39
41007025186001001S,88,39
41007025187001001S,414,35
41007025188001001S,414,35
41007025189001001S,414,35
41007025190001001S,414,35
41007025191001001S,88,39
41007025192001001S,88,39
41007025194001001S,414,35
41007025195001001S,414,35
41007025196001001S,414,35
41007025197001001S,414,35
41007025198001001S,414,35
41007025199001001S,414,35
41007025200001001S,88,39
41007025201001001S,414,35
41007025206001001S,155,14
41007025207001001S,414,35
41007025208001001S,414,35
41007025209001001S,88,39
41007025211001001S,414,35
41007025212001001S,414,35
41007025215001001S,414,35
41007025218001001S,414,35
41007025219001001S,414,35
41007025220001001S,414,35
41007025222001001S,88,39
41007025223001001S,88,39
41007025224001001S,414,35
41007025228001001S,88,39
41007025229001001S,88,39
41007025230001001S,88,39
41007025232001001S,414,35
41007025233001001S,414,35
41007025235001001S,414,35
41007025237001001S,88,39
41007025238001001S,414,35
41007025240001001S,88,39
41007025241001001S,414,35
41007025242001001S,414,35
41007025244001001S,414,35
41007025246001001S,414,35
41007025247001001S,414,35
41007025248001001S,254,57
41007025249001001S,88,39
41007025250001001S,414,35
41007025251001001S,414,35
41007025252001001S,414,35
41007025253001001S,414,35
41007025254001001S,254,57
41007025255001001S,414,35
41007025256001001S,414,35
41007025257001001S,254,57
41007025259001001S,88,39
41007025263001001S,88,39
41007025264001001S,414,35
41007025266001001S,414,35
41007025268001001S,88,39
41007025271001001S,414,35
41007025273001001S,254,57
41007025274001001S,88,39
41007025276001001S,414,35
41007025277001001S,414,35
41007025280001001S,414,35
41007025282001001S,88,39
41007025283001001S,88,39
41007025284002001S,254,57
41007025284002002S,254,57
41007025285001001S,414,35
41007025286001001S,414,35
41007025287001001S,254,57
41007025288001001S,88,39
41007025289001001S,414,35
41007025290001001S,414,35
41007025292001001S,414,35
41007025293001001S,88,39
41007025294001001S,414,35
41007025295001001S,88,39
41007025296001001S,414,35
41007025297001001S,88,39
41007025298001001S,414,35
41007025299001001S,88,39
41007025300001001S,88,39
41007025301001001S,88,39
41007025302001001S,88,39
41007025303001001S,88,39
41007025304001001S,88,39
41007025305001001S,414,35
41007025306001001S,414,35
41007025308001001S,198,32
41007025309001001S,88,39
41007025310001001S,88,39
41007025311001001S,414,35
41007025312001001S,88,39
41007025314001001S,414,35
41007025315001001S,88,39
41007025316001001S,414,35
41007025318001001S,414,35
41007025320001001S,198,32
41007025321001001S,414,35
41007025324001001S,414,35
41007025328001001S,414,35
41007025329001001S,414,35
41007025330001001S,414,35
41007025331001001S,414,35
41007025332001001S,414,35
41007025333001001S,414,35
41007025334001001S,254,57
41007025335001001S,414,35
41007025336001001S,414,35
41007025337001001S,414,35
41007025338001001S,414,35
41007025340001001S,414,35
41007025341001001S,414,35
41007025342001001S,414,35
41007025343001001S,414,35
41007025345001001S,88,39
41007025346001001S,414,35
41007025347001001S,414,35
41007025348001001S,414,35
41007025349001001S,88,39
41007025350001001S,414,35
41007025353001001S,414,35
41007025354001001S,88,39
41007025355001001S,414,35
41007025356001001S,88,39
41007025357001001S,414,35
41007025358001001S,414,35
41007025359001001S,88,39
41007025360001001S,414,35
41007025361001001S,414,35
41007025362001001S,88,39
41007025363001001S,414,35
41007025364001001S,88,39
41007025365001001S,88,39
41007025366001001S,88,39
41007025367001001S,254,57
41007025368001001S,254,57
41007025370001001S,88,39
41007025371001001S,254,57
41007025372001001S,88,39
41007025373001001S,414,35
41007025374001001S,254,57
41007025375001001S,198,32
41007025376002001S,88,39
41007025376002002S,,
41007025377001001S,198,32
41007025378001001S,414,35
41007025381001001S,88,39
41007025382001001S,414,35
41007025386001001S,414,35
41007025390001001S,414,35
41007025391001001S,414,35
41007025392001001S,414,35
41007025393001001S,414,35
41007025395001001S,414,35
41007025396001001S,414,35
41007025397001001S,414,35
41007025398001001S,88,39
41007025400001001S,414,35
41007025401001001S,414,35
41007025402001001S,414,35
41007025403001001S,414,35
41007025404001001S,414,35
41007025405001001S,414,35
41007025406001001S,414,35
41007025407001001S,414,35
41007025409001001S,254,57
41007025411001001S,414,35
41007025412001001S,88,39
41007025413001001S,88,39
41007025414001001S,88,39
41007025415001001S,88,39
41007025416001001S,414,35
41007025417001001S,254,57
41007025418001001S,414,35
41007025419001001S,414,35
41007025420001001S,254,57
41007025421001001S,414,35
41007025422001001S,414,35
41007025423001001S,198,32
41007025424001001S,414,35
41007025425001001S,198,32
41007025426001001S,88,39
41007025427001001S,88,39
41007025429001001S,198,32
41007025432001001S,254,57
41007025433001001S,414,35
41007025435001001S,88,39
41007025437001001S,414,35
41007025438001001S,414,35
41007025439001001S,414,35
41007025440001001S,88,39
41007025441001001S,88,39
41007025442001001S,88,39
41007025444001001S,254,57
41007025445001001S,414,35
41007025447001001S,414,35
41007025448001001S,414,35
41007025449001001S,88,39
41007025450001001S,414,35
41007025451001001S,414,35
41007025452001001S,414,35
41007025453001001S,414,35
41007025454001001S,254,57
41007025455001001S,414,35
41007025456001001S,88,39
41007025457001001S,88,39
41007025458001001S,414,35
41007025460001001S,88,39
41007025461001001S,88,39
41007025462001001S,414,35
41007025463001001S,414,35
41007025464001001S,414,35
41007025465001001S,414,35
41007025466002001S,88,39
41007025466002002S,88,39
41007025467001001S,414,35
41007025468001001S,414,35
41007025470001001S,88,39
41007025471001001S,414,35
41007025472001001S,414,35
41007025473001001S,414,35
41007025474001001S,88,39
41007025475001001S,88,39
41007025477001001S,414,35
41007025479001001S,254,57
41007025480001001S,88,39
41007025481001001S,254,57
41007025482001001S,254,57
41007025483001001S,414,35
41007025484001001S,414,35
41007025485001001S,414,35
41007025486001001S,414,35
41007025487001001S,254,57
41007025488001001S,198,32
41007025489001001S,198,32
41007025490001001S,414,35
41007025492001001S,88,39
41007025493001001S,,
41007025494001001S,88,39
41007025496001001S,414,35
41007025497001001S,198,32
41007025498001001S,414,35
41007025500001001S,88,39
41007025502001001S,88,39
41007025503001001S,88,39
41007025506001001S,88,39
41007025507001001S,414,35
41007025508001001S,88,39
41007025512001001S,88,39
41007025513001001S,414,35
41007025515001001S,414,35
41007025516001001S,88,39
41007025518001001S,254,57
41007025519001001S,88,39
41007025520001001S,414,35
41007025521001001S,88,39
41007025522001001S,414,35
41007025523001001S,88,39
41007025524001001S,414,35
41007025526001001S,414,35
41007025528001001S,414,35
41007025529001001S,,
41007025530001001S,414,35
41007025531001001S,254,57
41007025532001001S,414,35
41007025533001001S,254,57
41007025534001001S,414,35
41007025535001001S,254,57
41007025536001001S,414,35
41007025537001001S,254,57
41007025538001001S,254,57
41007025539001001S,254,57
41007025540001001S,414,35
41007025541001001S,88,39
41007025543001001S,88,39
41007025545001001S,88,39
41007025546001001S,254,57
41007025550001001S,399,33
41007025552001001S,414,35
41007025553001001S,88,39
41007025554001001S,399,33
41007025555001001S,,
41007025556001001S,414,35
41007025557001001S,,
41007025559001001S,88,39
41007025561001001S,,
41007025562001001S,88,39
41007025563001001S,88,39
41007025566001001S,399,33
41007025567001001S,414,35
41007025569001001S,414,35
41007025570001001S,414,35
41007025571001001S,414,35
41007025572001001S,88,39
41007025573001001S,414,35
41007025574001001S,88,39
41007025575001001S,88,39
41007025577001001S,88,39
41007025578001001S,414,35
41007025579001001S,414,35
41007025580001001S,414,35
41007025581001001S,88,39
41007025582001001S,414,35
41007025583001001S,88,39
41007025584001001S,88,39
41007025585001001S,414,35
41007025586001001S,414,35
41007025587001001S,88,39
41007025588001001S,414,35
41007025589001001S,414,35
41007025590001001S,414,35
41007025592001001S,88,39
41007025593001001S,88,39
41007025595001001S,88,39
41007025596001001S,414,35
41007025597001001S,88,39
41007025598001001S,88,39
41007025599001001S,414,35
41007025600001001S,88,39
41007025601001001S,414,35
41007025602001001S,88,39
41007025603001001S,88,39
41007025604001001S,414,35
41007025605001001S,414,35
41007025606001001S,254,57
41007025607001001S,414,35
41007025608001001S,254,57
41007025609001001S,414,35
41007025610001001S,254,57
41007025611001001S,414,35
41007025612001001S,254,57
41007025616001001S,399,33
41007025617001001S,399,33
41007025618001001S,88,39
41007025619001001S,414,35
41007025620001001S,414,35
41007025621001001S,88,39
41007025622001001S,399,33
41007025623001001S,414,35
41007025624001001S,414,35
41007025625001001S,88,39
41007025627001001S,399,33
41007025628001001S,399,33
41007025629001001S,399,33
41007025630001001S,88,39
41007025631001001S,399,33
41007025633001001S,88,39
41007025634001001S,414,35
41007025635001001S,414,35
41007025636001001S,,
41007025637006001S,414,35
41007025637006002S,414,35
41007025637006003S,414,35
41007025637006004S,414,35
41007025637006005S,414,35
41007025637006006S,414,35
41007025638001001S,414,35
41007025641001001S,414,35
41007025642001001S,414,35
41007025645001001S,414,35
41007025647001001S,88,39
41007025648001001S,254,57
41007025649001001S,414,35
41007025650001001S,88,39
41007025652001001S,414,35
41007025653001001S,414,35
41007025655001001S,414,35
41007025656001001S,88,39
41007025657001001S,88,39
41007025658001001S,414,35
41007025659001001S,254,57
41007025660001001S,254,57
41007025661001001S,254,57
41007025662001001S,254,57
41007025665001001S,88,39
41007025667001001S,414,35
41007025669001001S,254,57
41007025670001001S,414,35
41007025671001001S,88,39
41007025672001001S,414,35
41007025673001001S,414,35
41007025674001001S,414,35
41007025675001001S,414,35
41007025676001001S,88,39
41007025677001001S,414,35
41007025678001001S,414,35
41007025680001001S,414,35
41007025682001001S,414,35
41007025683001001S,88,39
41007025685001001S,20,36
41007025687001001S,399,33
41007025688001001S,414,35
41007025689001001S,414,35
41007025690002001S,,
41007025690002002S,,
41007025691001001S,414,35
41007025692001001S,20,36
41007025693001001S,414,35
41007025694001001S,414,35
41007025696001001S,414,35
41007025697001001S,414,35
41007025698001001S,20,36
41007025699001001S,20,36
41007025700001001S,414,35
41007025703001001S,254,57
41007025704001001S,414,35
41007025705001001S,20,36
41007025707001001S,20,36
41007025708001001S,414,35
41007025710001001S,254,57
41007025712001001S,414,35
41007025713001001S,254,57
41007025716001001S,20,36
41007025717001001S,414,35
41007025718001001S,20,36
41007025719001001S,414,35
41007025721001001S,414,35
41007025724001001S,20,36
41007025727001001S,20,36
41007025728001001S,254,57
41007025729001001S,414,35
41007025730001001S,414,35
41007025732001001S,20,36
41007025734001001S,20,36
41007025735001001S,414,35
41007025737001001S,414,35
41007025738001001S,20,36
41007025739001001S,20,36
41007025740001001S,20,36
41007025741001001S,414,35
41007025742001001S,254,57
41007025743001001S,254,57
41007025744001001S,20,36
41007025745001001S,414,35
41007025746001001S,20,36
41007025747001001S,254,57
41007025748001001S,20,36
41007025749001001S,20,36
41007025750001001S,20,36
41007025751001001S,414,35
41007025752001001S,254,57
41007025753002001S,399,33
41007025753002002S,399,33
41007025754001001S,20,36
41007025755001001S,414,35
41007025756001001S,20,36
41007025757001001S,20,36
41007025758001001S,20,36
41007025760001001S,414,35
41007025761001001S,254,57
41007025762001001S,20,36
41007025764001001S,20,36
41007025765001001S,20,36
41007025766001001S,20,36
41007025767001001S,20,36
41007025769001001S,20,36
41007025770001001S,254,57
41007025771001001S,20,36
41007025772001001S,20,36
41007025773001001S,254,57
41007025774001001S,254,57
41007025775001001S,254,57
41007025776001001S,254,57
41007025781001001S,20,36
41007025782001001S,152,28
41007025784001001S,20,36
41007025785001001S,20,36
41007025786001001S,20,36
41007025787001001S,254,57
41007025790001001S,20,36
41007025796001001S,20,36
41007025800001001S,20,36
41007025801001001S,220,25
41007025804001001S,20,36
41007025807001001S,152,28
41007025814001001S,20,36
41007025815001001S,254,57
41007025818001001S,20,36
41007025819001001S,20,36
41007025828001001S,20,36
41007025830001001S,20,36
41007025831001001S,20,36
41007025840001001S,20,36
41007025841001001S,20,36
41007025848001001S,20,36
41007025849001001S,20,36
41007025859001001S,20,36
41007025862001001S,20,36
41007025863001001S,20,36
41007025865001001S,152,28
41007025871001001S,152,28
41007025872001001S,20,36
41007025874001001S,220,25
41007025875001001S,152,28
41007025876001001S,20,36
41007025877001001S,20,36
41007025879001001S,254,57
41007025881001001S,77,38
41007025884001001S,20,36
41007025885001001S,152,28
41007025887001001S,20,36
41007025888001001S,20,36
41007025890001001S,,
41007025892001001S,152,28
41007025894001001S,20,36
41007025895001001S,20,36
41007025896001001S,20,36
41007025897001001S,152,28
41007025899001001S,254,57
41007025901001001S,220,25
41007025905001001S,152,28
41007025908001001S,220,25
41007025910001001S,20,36
41007025912001001S,20,36
41007025913001001S,77,38
41007025914001001S,20,36
41007025916001001S,220,25
41007025918001001S,,
41007025920001001S,20,36
41007025921001001S,20,36
41007025922001001S,220,25
41007025923001001S,20,36
41007025928001001S,220,25
41007025929001001S,20,36
41007025930001001S,77,38
41007025933001001S,20,36
41007025934001001S,254,57
41007025935001001S,220,25
41007025937001001S,20,36
41007025938001001S,20,36
41007025939001001S,220,25
41007025942001001S,220,25
41007025944001001S,,
41007025945001001S,20,36
41007025946001001S,220,25
41007025948001001S,20,36
41007025949001001S,220,25
41007025951001001S,20,36
41007025952001001S,220,25
41007025955002002S,220,25
41007025956001001S,220,25
41007025957001001S,220,25
41007025958001001S,254,57
41007025960001001S,220,25
41007025961001001S,20,36
41007025962001001S,220,25
41007025964001001S,220,25
41007025966001001S,220,25
41007025967001001S,254,57
41007025973001001S,220,25
41007025974001001S,20,36
41007025976001001S,220,25
41007025978001001S,220,25
41007025980001001S,220,25
41007025981001001S,220,25
41007025982001001S,20,36
41007025984001001S,220,25
41007025985001001S,220,25
41007025987001001S,220,25
41007025988001001S,20,36
41007025992001001S,220,25
41007025993001001S,220,25
41007025998001001S,20,36
41007025999001001S,220,25
41007026004001001S,220,25
41007026005001001S,220,25
41007026006001001S,220,25
41007026011001001S,20,36
41007026015001001S,268,41
41007026016001001S,220,25
41007026018001001S,20,36
41007026019001001S,72,37
41007026020001001S,72,37
41007026021001001S,254,57
41007026026001001S,20,36
41007026027001001S,72,37
41007026028001001S,220,25
41007026030001001S,220,25
41007026033001001S,72,37
41007026035001001S,220,25
41007026036001001S,72,37
41007026038001001S,72,37
41007026040001001S,20,36
41007026041001001S,72,37
41007026043001001S,72,37
41007026045001001S,220,25
41007026049001001S,72,37
41007026050001001S,72,37
41007026052001001S,220,25
41007026056001001S,72,37
41007026057001001S,72,37
41007026058001001S,72,37
41007026059001001S,72,37
41007026064001001S,72,37
41007026065001001S,72,37
41007026066001001S,254,57
41007026068001001S,72,37
41007026069001001S,,
41007026072001001S,72,37
41007026074001001S,72,37
41007026076001001S,72,37
41007026077001001S,72,37
41007026078001001S,72,37
41007026080001001S,72,37
41007026082001001S,72,37
41007026083001001S,72,37
41007026084001001S,72,37
41007026085001001S,72,37
41007026086001001S,72,37
41007026087001001S,72,37
41007026088001001S,72,37
41007026089001001S,72,37
41007026090001001S,72,37
41007026093001001S,72,37
41007026094001001S,72,37
41007026096001001S,72,37
41007026098001001S,72,37
41007026099001001S,72,37
41007026100001001S,254,57
41007026101001001S,72,37
41007026103001001S,72,37
41007026106001001S,72,37
41007026108001001S,72,37
41007026110001001S,72,37
41007026111001001S,72,37
41007026113001001S,72,37
41007026114001001S,72,37
41007026115001001S,72,37
41007026118001001S,72,37
41007026122001001S,72,37
41007026123001001S,72,37
41007026124001001S,72,37
41007026125001001S,72,37
41007026126001001S,72,37
41007026127001001S,254,57
41007026129001001S,72,37
41007026132001001S,72,37
41007026133001001S,72,37
41007026135001001S,72,37
41007026136001001S,72,37
41007026137001001S,72,37
41007026139001001S,72,37
41007026141001001S,72,37
41007026142001001S,72,37
41007026143001001S,,
41007026144001001S,72,37
41007026145001001S,72,37
41007026149001001S,72,37
41007026150001001S,72,37
41007026151001001S,72,37
41007026156001001S,72,37
41007026157001001S,72,37
41007026159001001S,72,37
41007026160001001S,72,37
41007026162001001S,,
41007026164001001S,72,37
41007026166001001S,72,37
41007026167001001S,72,37
41007026169001001S,254,57
41007026170001001S,,
41007026171001001S,72,37
41007026173001001S,,
41007026174001001S,72,37
41007026175001001S,72,37
41007026176001001S,,
41007026177001001S,72,37
41007026179001001S,72,37
41007026180001001S,72,37
41007026181001001S,72,37
41007026183001001S,72,37
41007026185001001S,72,37
41007026186001001S,72,37
41007026187001001S,72,37
41007026188001001S,254,57
41007026190001001S,72,37
41007026191001001S,72,37
41007026194001001S,72,37
41007026197001001S,72,37
41007026200001001S,72,37
41007026201001001S,72,37
41007026202001001S,72,37
41007026205001001S,72,37
41007026206001001S,72,37
41007026207001001S,72,37
41007026209001001S,72,37
41007026211001001S,72,37
41007026213001001S,72,37
41007026214001001S,254,57
41007026215001001S,72,37
41007026217001001S,72,37
41007026218001001S,254,57
41007026220001001S,72,37
41007026222001001S,254,57
41007026223001001S,72,37
41007026225001001S,72,37
41007026226001001S,72,37
41007026227001001S,72,37
41007026229001001S,,
41007026230001001S,72,37
41007026234001001S,72,37
41007026235001001S,,
41007026236001001S,,
41007026237001001S,,
41007026240001001S,72,37
41007026242001001S,72,37
41007026246001001S,72,37
41007026247001001S,72,37
41007026248001001S,72,37
41007026249001001S,72,37
41007026250001001S,72,37
41007026251001001S,72,37
41007026253001001S,,29
41007026255001001S,,
41007026259001001S,,29
41007026264001001S,72,37
41007026265001001S,72,37
41007026266001001S,72,37
41007026267001001S,,29
41007026268001001S,72,37
41007026269001001S,72,37
41007026270001001S,72,37
41007026271001001S,72,37
41007026275001001S,72,37
41007026276001001S,72,37
41007026277001001S,72,37
41007026280001001S,72,37
41007026281001001S,,
41007026283001001S,72,37
41007026284001001S,72,37
41007026285001001S,72,37
41007026287001001S,72,37
41007026288001001S,72,37
41007026289001001S,72,37
41007026290001001S,72,37
41007026291001001S,72,37
41007026292001001S,,
41007026293001001S,72,37
41007026294001001S,72,37
41007026295001001S,72,37
41007026296001001S,72,37
41007026300001001S,72,37
41007026301001001S,72,37
41007026302001001S,,
41007026303001001S,72,37
41007026304001001S,72,37
41007026306001001S,72,37
41007026307001001S,72,37
41007026308001001S,72,37
41007026309001001S,72,37
41007026312001001S,72,37
41007026313001001S,72,37
41007026314001001S,72,37
41007026315001001S,72,37
41007026318001001S,72,37
41007026320001001S,72,37
41007026321001001S,72,37
41007026322001001S,72,37
41007026323001001S,72,37
41007026328001001S,72,37
41007026341001001S,72,37
41007026349001001S,72,37
41007026352001001S,72,37
41007026354001001S,72,37
41007026355001001S,72,37
41007026359002001S,254,57
41007026359002002S,254,57
41007026361001001S,72,37
41007026362001001S,72,37
41007026363001001S,72,37
41007026364001001S,72,37
41007026366001001S,72,37
41007026368001001S,72,37
41007026369001001S,72,37
41007026371001001S,72,37
41007026372001001S,72,37
41007026373001001S,72,37
41007026378001001S,72,37
41007026380001001S,72,37
41007026383001001S,72,37
41007026386001001S,72,37
41007026388001001S,72,37
41007026389001001S,72,37
41007026395001001S,72,37
41007026397001001S,72,37
41007026400001001S,72,37
41007026402001001S,72,37
41007026403001001S,72,37
41007026405001001S,72,37
41007026407001001S,72,37
41007026411001001S,72,37
41007026413001001S,72,37
41007026416001001S,72,37
41007026419001001S,72,37
41007026420001001S,72,37
41007026425001001S,72,37
41007026426001001S,72,37
41007026427001001S,72,37
41007026428001001S,72,37
41007026430001001S,72,37
41007026431001001S,72,37
41007026432001001S,72,37
41007026435001001S,72,37
41007026436001001S,72,37
41007026437001001S,72,37
41007026441001001S,72,37
41007026442001001S,72,37
41007026444001001S,72,37
41007026446001001S,72,37
41007026447001001S,72,37
41007026449001001S,72,37
41007026450001001S,72,37
41007026451001001S,72,37
41007026453001001S,72,37
41007026454001001S,72,37
41007026455001001S,72,37
41007026456001001S,72,37
41007026457001001S,72,37
41007026458001001S,72,37
41007026459001001S,72,37
41007026461001001S,72,37
41007026462001001S,72,37
41007026464001001S,72,37
41007026466001001S,72,37
41007026467001001S,72,37
41007026468001001S,72,37
41007026469001001S,72,37
41007026471001001S,72,37
41007026472001001S,72,37
41007026473001001S,72,37
41007026474001001S,72,37
41007026476001001S,72,37
41007026477001001S,72,37
41007026479001001S,72,37
41007026480001001S,72,37
41007026481001001S,72,37
41007026482001001S,72,37
41007026484001001S,72,37
41007026486001001S,72,37
41007026487001001S,72,37
41007026489001001S,72,37
41007026490001001S,72,37
41007026491001001S,72,37
41007026492001001S,72,37
41007026494001001S,72,37
41007026495001001S,72,37
41007026497001001S,72,37
41007026498001001S,72,37
41007026500001001S,72,37
41007026501001001S,72,37
41007026505001001S,72,37